"type","horse","CO2"
"Car",510,550.27
"Car",510,343.88
"Car",552,511.93
"Car",552,296.63
"Car",565,603.49
"Car",565,353.09
"Car",420,551.4037
"Car",420,333.29
"Car",430,529.36
"Car",430,306.95
"Car",568,536.18
"Car",568,309.22
"Car",211,292
"Car",211,199
"Car",211,308
"Car",211,374
"Car",211,365
"Car",211,323
"Car",211,203
"Car",211,368
"Car",211,363
"Car",211,301
"Car",211,314
"Car",211,200
"SUV",211,309
"SUV",211,338
"SUV",211,332
"SUV",211,282
"SUV",211,189
"SUV",333,374
"SUV",333,393
"SUV",333,233
"SUV",333,362
"SUV",333,379
"SUV",333,488
"SUV",333,448
"SUV",333,363
"SUV",333,391
"SUV",333,236
"Car",211,422
"Car",211,343
"Car",211,429
"Car",211,358
"Car",211,219
"SUV",240,297
"SUV",240,297
"SUV",240,297
"SUV",240,329
"SUV",240,329
"SUV",240,329
"SUV",240,409
"SUV",240,409
"SUV",240,409
"SUV",240,358
"SUV",240,358
"SUV",240,358
"SUV",240,309
"SUV",240,309
"SUV",240,309
"SUV",240,194
"SUV",240,194
"SUV",240,194
"SUV",240,333
"SUV",240,333
"SUV",240,333
"SUV",272,387
"SUV",272,384
"SUV",272,475
"SUV",272,388
"SUV",272,464
"SUV",272,396
"SUV",272,251
"Truck",211,358
"Truck",211,230
"SUV",211,229
"SUV",211,357
"SUV",240,417
"SUV",240,417
"SUV",240,417
"SUV",240,361
"SUV",240,361
"SUV",240,361
"SUV",240,358
"SUV",240,358
"SUV",240,358
"SUV",240,356
"SUV",240,356
"SUV",240,356
"SUV",240,231
"SUV",240,231
"SUV",240,231
"SUV",240,351
"SUV",240,351
"SUV",240,351
"SUV",240,340
"SUV",240,340
"SUV",240,340
"Truck",211,323
"Truck",211,324
"Truck",211,382
"Truck",211,292
"Truck",211,223
"Truck",272,458
"Truck",272,295
"Truck",240,402
"Truck",240,402
"Truck",240,402
"Truck",240,502
"Truck",240,502
"Truck",240,502
"Truck",240,480
"Truck",240,480
"Truck",240,480
"Truck",240,446
"Truck",240,446
"Truck",240,446
"Truck",240,260
"Truck",240,260
"Truck",240,260
"Truck",240,432
"Truck",240,432
"Truck",240,432
"Truck",240,492
"Truck",240,492
"Truck",240,492
"Truck",240,389
"Truck",240,389
"Truck",240,389
"Truck",240,422
"Truck",240,422
"Truck",240,422
"Truck",240,248
"Truck",240,248
"Truck",240,248
"Car",525,645
"Car",525,387
"Car",525,479
"Car",525,690
"Car",525,746
"Car",430,737
"Car",430,654
"Car",430,372
"Car",430,460
"Car",430,727
"Car",430,649
"Car",430,355
"Car",430,439
"Car",430,703
"Car",430,728
"Car",525,577
"Car",525,312
"Car",525,425
"Car",525,579
"Car",525,652
"Car",525,577
"Car",525,307
"Car",525,421
"Car",525,640
"Car",525,592
"Car",450,541
"Car",450,483
"Car",450,414
"Car",450,463
"Car",450,307
"Car",450,466
"Car",450,296
"Car",450,395
"Car",450,548
"Car",450,517
"Car",560,467
"Car",560,474
"Car",560,378
"Car",560,572
"Car",560,253
"Car",560,532
"Car",560,286
"Car",560,422
"Car",560,658
"Car",560,526
"SUV",333,396
"SUV",333,248
"SUV",333,356
"SUV",333,448
"SUV",333,455
"SUV",333,376
"SUV",333,460
"SUV",333,472
"SUV",333,401
"SUV",333,256
"SUV",333,443
"SUV",333,266
"SUV",333,363
"SUV",333,457
"SUV",333,460
"Car",420,484
"Car",420,276
"Car",420,375
"Car",420,531
"Car",420,438
"Car",420,491
"Car",420,522
"Car",420,352
"Car",420,424
"Car",420,247
"Car",420,424
"Car",420,241
"Car",211,366
"Car",211,383
"Car",211,210
"Car",211,311
"Car",211,312
"Car",211,365
"Car",211,381
"Car",211,306
"Car",211,204
"Car",211,294
"Car",520,555
"Car",520,624
"Car",520,429
"Car",520,278
"Car",520,511
"Car",520,526
"Car",520,599
"Car",520,384
"Car",520,462
"Car",520,263
"Car",616,510
"Car",616,625
"Car",616,648
"Car",616,617
"Car",616,333
"Car",616,576
"Car",616,485
"Car",616,314
"Car",616,589
"Car",616,303
"Car",616,479
"Car",616,652
"Car",616,703
"Car",616,592
"Car",616,298
"Car",616,465
"Car",505,690.22275
"Car",505,408.10588
"Car",505,558.76453
"Car",505,777.17787
"Car",505,776.52874
"SUV",181,290.8360369
"SUV",181,172.298865
"SUV",181,298
"SUV",181,171.77
"SUV",181,291.76
"SUV",181,180.39
"SUV",181,305.08
"SUV",181,180.24
"SUV",181,320.03
"SUV",181,186.01
"SUV",181,191.34
"SUV",181,326.22
"SUV",240,292.05
"SUV",240,312.03
"SUV",240,189.51
"SUV",240,291.04
"SUV",240,186.34
"SUV",240,304.85
"SUV",240,308.62
"SUV",240,202.86
"SUV",240,335.65
"SUV",240,205.61
"SUV",240,313.69
"SUV",240,323.97
"SUV",240,201.71
"SUV",181,291.87
"SUV",181,173.83
"SUV",181,289.964953
"SUV",181,169.320866
"SUV",181,315.57
"SUV",181,180.35
"SUV",181,299.04
"SUV",181,180.32
"SUV",181,311.58
"SUV",181,178.96
"SUV",181,298.21
"SUV",181,181.35
"SUV",181,184.3283971
"SUV",181,309.8485824
"Car",183,241.11
"Car",183,241.11
"Car",183,241.11
"Car",183,241.11
"Car",183,159.21
"Car",183,159.21
"Car",183,159.21
"Car",183,159.21
"Car",183,247.97
"Car",183,247.97
"Car",183,247.97
"Car",183,247.97
"Car",183,154.67
"Car",183,154.67
"Car",183,154.67
"Car",183,154.67
"Car",183,240.2
"Car",183,240.2
"Car",183,240.2
"Car",183,240.2
"Car",183,158.15
"Car",183,158.15
"Car",183,158.15
"Car",183,158.15
"Car",183,156
"Car",183,156
"Car",183,156
"Car",183,156
"Car",183,250.33
"Car",183,250.33
"Car",183,250.33
"Car",183,250.33
"Car",183,165.86
"Car",183,165.86
"Car",183,165.86
"Car",183,165.86
"Car",183,247.87
"Car",183,247.87
"Car",183,247.87
"Car",183,247.87
"Car",183,169.95
"Car",183,169.95
"Car",183,169.95
"Car",183,169.95
"Car",183,253.89
"Car",183,253.89
"Car",183,253.89
"Car",183,253.89
"Car",183,173.85
"Car",183,173.85
"Car",183,173.85
"Car",183,173.85
"Car",183,255.64
"Car",183,255.64
"Car",183,255.64
"Car",183,255.64
"Car",183,267.8
"Car",183,267.8
"Car",183,267.8
"Car",183,267.8
"Car",183,176.48
"Car",183,176.48
"Car",183,176.48
"Car",183,176.48
"Car",183,166.81
"Car",183,166.81
"Car",183,166.81
"Car",183,166.81
"Car",183,248.85
"Car",183,248.85
"Car",183,248.85
"Car",183,248.85
"Car",183,165.87
"Car",183,165.87
"Car",183,165.87
"Car",183,165.87
"Car",183,249.22
"Car",183,249.22
"Car",183,249.22
"Car",183,249.22
"Car",183,246.2729224
"Car",183,246.2729224
"Car",183,246.2729224
"Car",183,246.2729224
"Car",183,164.0993753
"Car",183,164.0993753
"Car",183,164.0993753
"Car",183,164.0993753
"Car",183,164.9278876
"Car",183,164.9278876
"Car",183,164.9278876
"Car",183,164.9278876
"Car",183,259.42
"Car",183,259.42
"Car",183,259.42
"Car",183,259.42
"Car",183,169.94
"Car",183,169.94
"Car",183,169.94
"Car",183,169.94
"Car",240,175.1535785
"Car",240,303.5073054
"Car",240,177.07
"Car",240,296.85
"Car",240,304.09
"Car",240,172.29
"Car",240,306.77
"Car",240,173.05
"Car",241,291.7086768
"Car",241,177.2019934
"Car",241,297.9622857
"Car",241,176.5914764
"Car",241,280.54
"Car",241,183.55
"Car",241,309.77
"Car",241,176.22
"Car",241,318.7
"Car",241,188.05
"Car",241,301.14
"Car",241,177.86
"Car",241,307.51
"Car",241,182.22
"Car",240,306.26
"Car",240,179.75
"Car",240,311.44
"Car",240,178.98
"Car",240,311.84
"Car",240,188.36
"Car",240,188.64
"Car",240,313.4
"Car",241,296.84
"Car",241,185.46
"Car",241,187.14
"Car",241,298.83
"Car",241,308.56
"Car",241,182.42
"Car",241,313.29
"Car",241,184.71
"Car",240,314.06
"Car",240,187.17
"Car",240,319.25
"Car",240,191.28
"Car",240,317.31
"Car",240,192.3
"Car",240,328.68
"Car",240,194.53
"SUV",241,312.82
"SUV",241,192.89
"SUV",241,313.34
"SUV",241,193.01
"SUV",181,330.03
"SUV",181,194.06
"SUV",181,329.87
"SUV",181,193.97
"SUV",181,329.73
"SUV",181,195.29
"SUV",181,310.12
"SUV",181,197.57
"SUV",181,308.27
"SUV",181,193.74
"SUV",181,322.1380716
"SUV",181,197.1832922
"SUV",300,338.72
"SUV",300,206.08
"SUV",300,338.69
"SUV",300,209.65
"SUV",300,307.75
"SUV",300,190.88
"SUV",300,309.43
"SUV",300,189.68
"SUV",300,310.05
"SUV",300,194.75
"SUV",300,305.98
"SUV",300,335.85
"SUV",300,193.83
"SUV",300,332.07
"SUV",300,193.91
"SUV",300,352.79
"SUV",300,224.21
"SUV",300,353.7
"SUV",300,222.32
"SUV",300,213.1906215
"SUV",300,208.3904609
"SUV",300,339.265242
"SUV",300,338.8763017
"SUV",300,351.6197516
"SUV",300,211.6153969
"SUV",300,341.5732327
"SUV",300,356.0090979
"SUV",300,211.6183135
"SUV",300,355.03
"SUV",300,205.69
"SUV",300,350.09
"SUV",300,207
"SUV",300,369.66
"SUV",300,206.83
"Car",240,309.37
"Car",240,178.19
"Car",240,180.4173559
"Car",240,334.1311732
"Car",240,312.82
"Car",240,184.55
"Car",240,328.05
"Car",240,186.85
"Car",240,323.42
"Car",240,191.71
"Car",240,337.68
"Car",240,189.66
"Car",240,333.22
"Car",240,192.29
"Car",240,342.98
"Car",240,197.98
"SUV",181,318.73
"SUV",181,180.4
"SUV",181,322.16
"SUV",181,186.87
"SUV",241,173.9148006
"SUV",241,281.1368699
"SUV",241,302.62
"SUV",241,175.11
"SUV",241,284.1055776
"SUV",241,176.9809913
"SUV",241,311.03
"SUV",241,179.72
"Car",240,300.53
"Car",240,172.38
"Car",240,173.18
"Car",240,312.41
"Car",240,173.08
"Car",240,309.7
"Car",240,182.58
"Car",240,321.47
"Car",240,183.93
"SUV",241,302.74
"SUV",241,187.57
"SUV",241,319.55
"SUV",241,183.78
"SUV",241,307.18
"SUV",241,191.73
"SUV",241,321.4
"SUV",241,190.18
"Car",240,308.63
"Car",240,308.63
"Car",240,184.45
"Car",240,184.45
"Car",240,321.19
"Car",240,321.19
"Car",240,184.37
"Car",240,184.37
"Car",240,314.87
"Car",240,314.87
"Car",240,188.54
"Car",240,188.54
"Car",240,327.04
"Car",240,327.04
"Car",240,189.11
"Car",240,189.11
"SUV",300,342.41
"SUV",300,199.79
"SUV",300,342.26
"SUV",300,198.94
"SUV",300,350.84
"SUV",300,206.78
"SUV",300,356.62
"SUV",300,199.4
"SUV",300,357.41
"SUV",300,212.97
"SUV",300,332.2
"SUV",300,196.09
"SUV",300,357.8711569
"SUV",300,201.1570794
"SUV",300,328.13
"SUV",300,194.16
"SUV",300,347.07
"SUV",300,196.74
"SUV",300,200.1706269
"SUV",300,339.6815633
"SUV",300,350.01
"SUV",300,200.74
"SUV",300,368.85
"SUV",300,225.38
"SUV",300,342.28
"SUV",300,205.38
"SUV",300,365.01
"SUV",300,204.62
"Car",241,291.97
"Car",241,180.38
"Car",241,286.33
"Car",241,193.02
"Car",241,190.45
"Car",241,317.47
"Car",241,189.44
"Car",241,320.72
"Car",241,195.83
"Car",241,302.1
"Car",241,190.65
"Car",241,325.44
"Car",241,191.38
"Car",255,304.08
"Car",255,304.08
"Car",255,304.08
"Car",255,304.08
"Car",255,191.29
"Car",255,191.29
"Car",255,191.29
"Car",255,191.29
"Car",255,314.48
"Car",255,314.48
"Car",255,314.48
"Car",255,314.48
"Car",255,189.47
"Car",255,189.47
"Car",255,189.47
"Car",255,189.47
"Car",255,303.01
"Car",255,303.01
"Car",255,303.01
"Car",255,303.01
"Car",255,185.21
"Car",255,185.21
"Car",255,185.21
"Car",255,185.21
"Car",255,300.42
"Car",255,300.42
"Car",255,300.42
"Car",255,300.42
"Car",255,179.58
"Car",255,179.58
"Car",255,179.58
"Car",255,179.58
"Car",255,307.45
"Car",255,307.45
"Car",255,307.45
"Car",255,307.45
"Car",255,195.67
"Car",255,195.67
"Car",255,195.67
"Car",255,195.67
"Car",255,302.13
"Car",255,302.13
"Car",255,302.13
"Car",255,302.13
"Car",255,322.24
"Car",255,322.24
"Car",255,322.24
"Car",255,322.24
"Car",255,194.44
"Car",255,194.44
"Car",255,194.44
"Car",255,194.44
"Car",255,303.2200016
"Car",255,303.2200016
"Car",255,303.2200016
"Car",255,303.2200016
"Car",255,185.3841327
"Car",255,185.3841327
"Car",255,185.3841327
"Car",255,185.3841327
"Car",255,307.19
"Car",255,307.19
"Car",255,307.19
"Car",255,307.19
"Car",255,196.03
"Car",255,196.03
"Car",255,196.03
"Car",255,196.03
"Car",300,336.4
"Car",300,208.04
"Car",300,337.83
"Car",300,213.33
"Car",300,362.15
"Car",300,214.91
"Car",300,383.59
"Car",300,215.01
"Car",300,329.56
"Car",300,201.25
"Car",300,216.9896051
"Car",300,382.2395438
"Car",300,380.8313023
"Car",300,222.8229476
"Car",300,350.95
"Car",300,197.76
"Car",300,363.79
"Car",300,208.51
"Car",300,236.1
"Car",300,366.3
"Car",300,377.29
"Car",300,229.05
"Car",300,380.1
"Car",300,228.87
"Car",300,366.38
"Car",300,231.72
"Car",300,353.9
"Car",300,223.61
"Car",300,355.45
"Car",300,225.89
"Car",300,381.27
"Car",300,220.42
"Car",300,375.19
"Car",300,224.14
"Car",300,333.96
"Car",300,209.35
"Car",300,329.17
"Car",300,213.95
"Car",300,326.42
"Car",300,370.99
"Car",300,216.94
"Car",300,370.96
"Car",300,215.64
"Car",300,385.56
"Car",300,248.61
"Car",300,410.22
"Car",300,252.29
"Car",300,390.88
"Car",300,240.77
"Car",300,377.1
"Car",300,240.16
"Car",443,408.39
"Car",443,247.13
"Car",443,442.7450313
"Car",443,273.0476202
"Car",443,250.1390146
"Car",443,403.64
"Car",443,248.07
"Car",443,434.73
"Car",443,248.64
"Car",448,435.73
"Car",448,271.77
"Car",448,274.29
"Car",448,462.88
"Car",448,430.37
"Car",448,270.83
"Car",448,457.98
"Car",448,275.02
"Car",443,254.21
"Car",443,417.04
"Car",443,256.38
"Car",443,446.03
"Car",443,257.61
"Car",443,422.01
"Car",443,452.05
"Car",443,260.61
"Car",448,472.5361654
"Car",448,285.0767181
"Car",448,465.337435
"Car",448,493.4245954
"Car",448,285.3426618
"Car",448,450.9
"Car",448,280.13
"Car",448,456.19
"Car",448,275.08
"Car",300,340.56
"Car",300,214.92
"Car",300,344.27
"Car",300,218.14
"Car",300,372.57
"Car",300,213.82
"Car",300,370.1
"Car",300,214.35
"Car",300,335.15
"Car",300,206.87
"Car",300,333.63
"Car",300,212.76
"Car",300,334.8
"Car",300,360.72
"Car",300,210.09
"Car",300,358.06
"Car",300,206.01
"Car",300,343.14
"Car",300,208.96
"Car",300,341.49
"Car",300,212.44
"Car",300,370.78
"Car",300,214.66
"Car",300,358.63
"Car",300,209.48
"Car",300,320.91
"Car",300,202.77
"Car",300,329.01
"Car",300,328.4
"Car",300,205.5
"Car",300,327.01
"Car",300,348.16
"Car",300,205.27
"Car",300,349.58
"Car",300,209.8
"Car",300,361.19
"Car",300,223.95
"Car",300,223.25
"Car",300,388.42
"Car",300,227.02
"Car",300,362.9
"Car",300,232.3
"Car",300,384.81
"Car",300,351.28
"Car",300,219.12
"Car",300,380.82
"Car",300,220.46
"Car",300,364.08
"Car",300,223.93
"Car",300,378.52
"Car",300,220.49
"Car",300,355
"Car",300,219.51
"Car",300,385.27
"Car",300,222.02
"Car",300,217.8994511
"Car",300,376.1786993
"Car",300,366.58
"Car",300,211.99
"Car",448,405.25
"Car",448,252.2
"Car",448,458.13
"Car",448,267.9
"Car",448,257.3810855
"Car",448,420.3248942
"Car",448,418.7225
"Car",448,256.790705
"Car",448,419.082543
"Car",448,458.96
"Car",448,263.16
"Car",448,471.97
"Car",448,263.96
"Car",448,424.2
"Car",448,268.78
"Car",448,459.27
"Car",448,263.96
"Car",255,334.88
"Car",255,334.88
"Car",255,334.88
"Car",255,334.88
"Car",255,216.13
"Car",255,216.13
"Car",255,216.13
"Car",255,216.13
"Car",255,360.95
"Car",255,360.95
"Car",255,360.95
"Car",255,360.95
"Car",255,355.56
"Car",255,355.56
"Car",255,355.56
"Car",255,355.56
"Car",255,218.81
"Car",255,218.81
"Car",255,218.81
"Car",255,218.81
"Car",300,219.65
"Car",300,377.04
"Car",300,369.8
"Car",300,226.18
"Car",300,360.85
"Car",300,220.29
"Car",300,375.93
"Car",300,219.66
"Car",300,362.85
"Car",300,228.15
"Car",300,380.32
"Car",300,227.06
"Car",448,428.57
"Car",448,258.54
"Car",448,442.6
"Car",448,259.04
"Car",448,406.45
"Car",448,251.59
"Car",448,443.74
"Car",448,256.94
"Car",448,259.7
"Car",448,440.07
"Car",448,475.09
"Car",448,274.04
"Car",448,426.99
"Car",448,255.62
"Car",448,442.67
"Car",448,254.62
"Car",448,430.34
"Car",448,264.55
"Car",448,458.5
"Car",448,267.97
"Car",448,447.75
"Car",448,263.54
"Car",448,263.54
"Car",448,451.23
"Car",535,574.75
"Car",535,316.09
"Car",300,200.3050615
"Car",300,285.3144899
"Car",300,262.63
"Car",300,184.22
"Car",300,351.06
"Car",300,391.34
"Car",300,325.08889
"Car",300,308.87385
"Car",300,211.76469
"Car",300,211.00119
"Car",300,326.8325
"Car",300,318.3974551
"Car",300,327.44
"Car",300,390.36
"Car",300,386.75
"Car",300,205.12
"Car",300,319.35
"Car",300,208.07
"Car",300,310.71
"Car",300,206.88
"Car",540,442.29
"Car",540,278.67
"Car",540,467.79
"Car",540,284.22
"Car",540,492.9
"Car",540,283.56
"Car",11,169.44
"Car",11,227.82
"Car",11,207.88
"Car",11,202.6
"Car",11,169.81
"Car",231,398.92
"Car",231,296.88
"Car",231,293.84
"Car",231,231.2274381
"Car",231,192.4388341
"SUV",300,338.64
"SUV",300,205.28
"SUV",300,339.97
"SUV",300,204.35
"SUV",300,339.77
"SUV",300,206.19
"SUV",300,350.88
"SUV",300,206.09
"SUV",300,220.94
"SUV",300,351.44
"SUV",300,232.4
"SUV",300,360.86
"SUV",300,342.58
"SUV",300,219.52
"SUV",300,366.54
"SUV",300,369.89
"SUV",300,241.97
"SUV",300,341.97
"SUV",300,213.08
"SUV",300,346.44
"SUV",300,214.62
"SUV",300,350.08
"SUV",300,217.81
"SUV",300,365.49
"SUV",300,218.79
"Car",425,482.93
"Car",425,291.06
"Car",425,412.8
"Car",425,242.65
"Car",425,364.59
"Car",425,229.09
"Car",425,487.96
"Car",425,285.75
"Car",425,428.2663595
"Car",425,245.2280257
"Car",425,236.366618
"Car",425,371.4423368
"Car",553,485.57
"Car",553,294.7
"Car",553,450.2
"Car",553,274.86
"Car",553,602.28
"Car",553,351.27
"Car",553,496.39
"Car",553,295.43
"Car",553,446.79
"Car",553,273.25
"Car",553,610.51
"Car",553,354.67
"SUV",300,395.82
"SUV",300,239.22
"Truck",181,282.5
"Truck",181,282.5
"Truck",181,282.5
"Truck",181,282.5
"Truck",181,212.54
"Truck",181,212.54
"Truck",181,212.54
"Truck",181,212.54
"Truck",181,295.11
"Truck",181,295.11
"Truck",181,295.11
"Truck",181,295.11
"Truck",181,210.13
"Truck",181,210.13
"Truck",181,210.13
"Truck",181,210.13
"SUV",241,322.65
"SUV",241,224.65
"SUV",241,338.22
"SUV",241,224.8
"SUV",300,382.5934697
"SUV",300,246.4232731
"SUV",300,252.7437892
"SUV",300,375.4820652
"SUV",300,381.33
"SUV",300,230.28
"SUV",300,380.22
"SUV",300,242.89
"SUV",300,241.58
"SUV",300,390.19
"SUV",300,250.2012308
"SUV",300,379.1306399
"SUV",300,372.9927851
"SUV",300,241.5423528
"SUV",300,372.08
"SUV",300,232.18
"SUV",300,393.76
"SUV",300,232.87
"Truck",567,491.62
"Truck",567,330.69
"Truck",567,522.35
"Truck",300,365.02
"Truck",300,232.52
"Truck",300,386.52
"Truck",300,231.87
"Truck",255,326.34
"Truck",255,326.34
"Truck",255,326.34
"Truck",255,326.34
"Truck",255,219.79
"Truck",255,219.79
"Truck",255,219.79
"Truck",255,219.79
"Truck",255,384.72
"Truck",255,384.72
"Truck",255,384.72
"Truck",255,384.72
"Truck",255,366.43
"Truck",255,366.43
"Truck",255,366.43
"Truck",255,366.43
"Truck",255,376.89
"Truck",255,376.89
"Truck",255,376.89
"Truck",255,376.89
"Truck",255,338.36
"Truck",255,338.36
"Truck",255,338.36
"Truck",255,338.36
"Truck",255,220.38
"Truck",255,220.38
"Truck",255,220.38
"Truck",255,220.38
"Truck",443,474.6
"Truck",443,294.81
"Truck",443,501.86
"Truck",300,373.51
"Truck",300,236.2
"Truck",300,236.7764221
"Truck",300,398.7159156
"Truck",300,243.589217
"Truck",300,403.85
"Truck",300,253.94
"Truck",300,421.37
"Truck",300,392.45
"Truck",300,248.42
"Truck",300,420.99
"Truck",443,470.2
"Truck",443,297.51
"Truck",443,503.03
"Car",241,317.6040369
"Car",241,190.6767543
"Car",241,315.7339889
"Car",241,185.4932276
"Car",241,315.89
"Car",241,184.61
"Car",335,235.78
"Car",335,374.05
"Car",335,454.03
"Car",335,304.74
"Car",211,198.4124197
"Car",211,295.1562901
"Car",208,303.1
"Car",208,198.54
"Car",211,282.67
"Car",211,187.25
"Car",214,324.84
"Car",214,222.4813426
"Car",214,303.98
"Car",214,207.03
"Car",208,288.67
"Car",208,192.08
"Car",122,244.47
"Car",122,172.6
"Car",122,251.55
"Car",122,175.72
"Car",122,230
"Car",122,163.7
"Car",122,173.88
"Car",122,233.11
"Car",134,232.51
"Car",134,156.4
"Car",134,163.3399949
"Car",134,239.0611064
"Car",134,170.3531579
"Car",134,254.5071058
"Car",134,244.0599905
"Car",134,167.6045486
"Car",134,255.7502525
"Car",134,167.528247
"Car",134,236.57
"Car",134,156.15
"Car",122,194.0098079
"Car",122,272.4884017
"Car",122,189.787774
"Car",122,276.0283064
"Car",122,250.75
"Car",122,173.74
"Car",122,176.57
"Car",122,238.18
"Car",122,245.08
"Car",122,169.65
"Car",122,210.72
"Car",122,275.82
"Car",122,194.28
"Car",122,258.39
"Car",180,268.9
"Car",180,186.33
"Car",180,266.64
"Car",180,187.04
"Car",180,258.66
"Car",180,180.27
"Car",180,256.72
"Car",180,176.5
"Car",189,190.98
"Car",189,262.1027269
"Car",189,187.1839312
"Car",189,276.6900218
"Car",189,292.98
"Car",189,183.79
"Car",189,265.242842
"Car",189,189.603197
"Car",189,188.6236741
"Car",189,280.0962293
"Car",189,301.47
"Car",189,194.13
"Car",180,276.81
"Car",180,192.63
"Car",180,266.75
"Car",180,176.94
"Car",180,257.38
"Car",180,175.07
"Car",180,267.47
"Car",180,183.44
"Car",180,195.52
"Car",180,273.78
"Car",180,195.26
"Car",180,261.18
"Car",180,206.8516239
"Car",180,296.1090042
"Car",180,203.25
"Car",180,270.97
"Car",228,271.9708968
"Car",228,207.8940123
"Car",228,203.7413886
"Car",228,275.79
"Car",228,194.47
"Car",228,305.99
"Car",228,205.32
"Car",1200,885
"Car",1200,636
"Car",1200,495
"Car",1200,999
"Car",1200,903
"Car",237,325.32014
"Car",237,306.665
"Car",237,195.463375
"Car",237,310.4171931
"Car",237,274.8182762
"SUV",184,300.71133
"SUV",184,170.69
"SUV",184,300.12829
"SUV",184,168.112
"SUV",184,289.6457
"SUV",184,162.443
"SUV",184,160.968
"SUV",184,284.79152
"SUV",295,353.81205
"SUV",295,193.722
"SUV",295,192.449
"SUV",295,372.5937564
"SUV",295,200.8907203
"SUV",295,385.4714
"SUV",295,217.856
"SUV",295,381.82446
"SUV",295,218.721
"SUV",295,359.61655
"SUV",295,205.242
"SUV",295,360.84485
"SUV",295,206.65
"Car",359,490.51335
"Car",359,271.092
"Car",359,273.12
"Car",359,485.87842
"Car",292,370.22318
"Car",292,224.691
"SUV",283,410.56653
"SUV",283,250.166
"SUV",283,413.62589
"SUV",283,254.34
"SUV",283,254.483
"Car",470,510.55036
"Car",470,281.842
"Car",470,476.38942
"Car",470,256.438
"Car",372,448.19372
"Car",372,253.891
"Car",372,250.826
"Car",370,474.54975
"Car",370,272.198
"Car",707,552.39543
"Car",707,451.583
"Car",707,319.409
"Car",707,551.29889
"Car",707,308.268
"Car",707,438.965
"Car",292,370.3176
"Car",292,205.615
"Car",292,197.456
"Car",292,359.58772
"Car",359,475.1244
"Car",359,258.709
"Car",292,233.399
"Car",292,386.03239
"Car",158,276.59398
"Car",158,276.7576
"Car",158,173.885
"Car",158,174.537
"Car",160,252.42547
"Car",160,170.973
"Car",160,251.5644
"Car",160,170.158
"Car",158,275.18603
"Car",158,171.526
"Car",158,275.79564
"Car",158,172.241
"Car",160,244.4832
"Car",160,156.6
"Car",160,156.6
"Car",160,244.77624
"SUV",184,305.42522
"SUV",184,189.079
"SUV",184,301.18293
"SUV",184,188.301
"SUV",184,311.39393
"SUV",184,200.783
"SUV",184,313.72324
"SUV",184,201.049
"Car",184,178.5453801
"Car",184,311.2107469
"Car",184,308.9534901
"SUV",184,293.52978
"SUV",184,179.039
"SUV",184,302.30642
"SUV",184,182.341
"Truck",290,381.31731
"Truck",290,243.849
"Truck",290,375.10981
"Truck",290,238.933
"Truck",290,399.00969
"Truck",290,258.446
"Truck",290,395.03893
"Truck",290,256.199
"Truck",360,521.0953
"Truck",360,286.133
"Truck",360,283.127
"Car",100,251.08039
"Car",100,182.789
"SUV",160,282.64718
"SUV",160,193.197
"Car",160,192.2496321
"Car",160,291.3358213
"Car",160,269.57371
"Car",160,190.972
"Car",160,270.01731
"Car",160,191.085
"SUV",160,313.90709
"SUV",160,207.737
"Truck",184,339.48839
"Truck",184,233.278
"Truck",184,339.17983
"Truck",184,234.108
"SUV",184,340.20712
"SUV",184,211.04
"Truck",184,252.869
"Truck",184,255.018
"Truck",184,362.1362386
"SUV",184,338.70241
"SUV",184,224.041
"SUV",184,333.12217
"SUV",184,224.901
"SUV",271,346.99261
"SUV",271,229.757
"SUV",271,346.63366
"SUV",271,228.423
"SUV",271,387.8945463
"SUV",271,240.9523569
"SUV",271,382.3387339
"SUV",184,206.9866687
"SUV",184,326.2695587
"SUV",271,340.35304
"SUV",271,219.886
"SUV",271,339.33748
"SUV",271,217.908
"SUV",184,324.29538
"SUV",184,193.09
"SUV",184,321.68836
"SUV",184,194.541
"SUV",271,366.93647
"SUV",271,243.311
"SUV",271,367.29376
"SUV",271,244.28
"Truck",172,340.22632
"Truck",172,236.161
"Truck",360,290.1
"Truck",360,507.89322
"Truck",172,359.7397
"Truck",172,359.7397
"Truck",172,359.7397
"Truck",172,238.769
"Truck",172,238.769
"Truck",172,238.769
"Truck",172,363.5842
"Truck",172,363.5842
"Truck",172,363.5842
"Truck",172,239.86
"Truck",172,239.86
"Truck",172,239.86
"Truck",290,377.9
"Truck",290,249
"Truck",290,268.2230611
"Truck",290,421.9515798
"Truck",360,531.4853879
"Truck",360,319.9102261
"Truck",172,384.45149
"Truck",172,384.45149
"Truck",172,384.45149
"Truck",172,379.14767
"Truck",172,379.14767
"Truck",172,379.14767
"Truck",172,259.406
"Truck",172,259.406
"Truck",172,259.406
"Truck",172,259.268
"Truck",172,259.268
"Truck",172,259.268
"Truck",470,563.07996
"Truck",470,343.854
"Truck",158,204.215
"Truck",158,300.2058
"Truck",158,214.56
"Truck",158,304.24011
"Truck",172,348.88845
"Truck",172,277.615
"SUV",160,201.8611563
"SUV",160,290.5048957
"SUV",180,320.0806735
"SUV",180,206.2660626
"SUV",180,302.9025
"SUV",180,297.09834
"SUV",180,188.411
"SUV",180,297.86191
"SUV",180,188.072
"SUV",160,276.08782
"SUV",160,195.021
"SUV",160,278.0666
"SUV",160,194.168
"SUV",180,331.5249654
"SUV",180,216.1570644
"SUV",180,218.3723264
"Truck",290,447.34155
"Truck",290,318.829
"Truck",290,302.756
"Truck",290,426.39295
"Car",290,453.42397
"Car",290,309.365
"Truck",290,429.94932
"Truck",290,297.145
"Truck",290,250.108
"Truck",290,385.31775
"Truck",290,388.56779
"Truck",290,251.993
"Truck",290,420.18817
"Truck",290,257.66
"Truck",290,417.7078
"Truck",290,256.746
"Truck",390,300.852
"Truck",390,296.051
"Truck",390,481.19085
"Truck",390,476.22187
"Truck",390,292.585
"Truck",390,503.94486
"Truck",390,310.425
"Truck",390,311.998
"Truck",390,483.1826
"Truck",390,479.12308
"Truck",240,415.3
"Truck",240,415.3
"Truck",240,415.3
"Truck",240,413
"Truck",240,413
"Truck",240,413
"Truck",240,272.1
"Truck",240,272.1
"Truck",240,272.1
"Truck",240,273.9
"Truck",240,273.9
"Truck",240,273.9
"Truck",230,247.7275022
"Truck",230,247.7275022
"Truck",230,247.7275022
"Truck",230,385.3712789
"Truck",230,385.3712789
"Truck",230,385.3712789
"Truck",240,387.3
"Truck",240,387.3
"Truck",240,387.3
"Truck",240,386
"Truck",240,386
"Truck",240,386
"Truck",240,261.1
"Truck",240,261.1
"Truck",240,261.1
"Truck",240,261.1
"Truck",240,261.1
"Truck",240,261.1
"Truck",240,261.3457495
"Truck",240,261.3457495
"Truck",240,261.3457495
"Truck",240,397.8850292
"Truck",240,397.8850292
"Truck",240,397.8850292
"SUV",184,334.4049683
"SUV",184,220.3503536
"Car",640,614.21549
"Car",640,354.838
"Car",640,489.588
"Car",645,583.19676
"Car",645,314.95
"Car",645,445.913
"Car",558,514.92
"Car",558,372.615
"Car",558,496.3
"Car",558,374.38
"Car",558,366.231
"Car",558,614.689
"Car",558,364.293
"Car",558,589.921
"Car",553,448.891
"Car",553,278.713
"Car",553,421.772
"Car",553,277.637
"Car",553,466.559
"Car",553,279.11
"Car",553,437.378
"Car",553,278.797
"Car",725,596.476
"Car",725,406.09
"Car",725,577.186
"Car",725,398.22
"Car",725,667.14
"Car",725,408.16
"Car",725,632.11
"Car",725,404.771
"Car",652,628.71
"Car",652,390.02
"Car",652,596.198
"Car",652,385.81
"Car",652,708.95
"Car",652,389.168
"Car",652,385.06
"Car",652,670.92
"Car",141,172.8648383
"Car",141,161.3825111
"Car",141,169.7150958
"Car",141,154.5939573
"Truck",325,383.191
"Truck",325,235.96
"Truck",245,210.576
"Truck",245,335.289
"Truck",280,392.557
"Truck",280,239.812
"Truck",325,414.253
"Truck",325,278.646
"Truck",325,408.341
"Truck",325,265.211
"Truck",245,351.947
"Truck",245,223.314
"Truck",237,322.856
"Truck",237,212.614
"Truck",365,497.043
"Truck",365,353.713
"Truck",365,453.336
"Truck",365,290.075
"Truck",365,486.871
"Truck",365,313.727
"Truck",365,498.452
"Truck",365,328.879
"Truck",365,488.438
"Truck",365,314.934
"Truck",365,476.729
"Truck",365,301.173
"Truck",365,500.198
"Truck",365,319.515
"Truck",365,479.541
"Truck",365,319.007
"Truck",365,497.25
"Truck",365,330.457
"Truck",287,279.511
"Truck",287,429.938
"Truck",287,409.736
"Truck",287,269.556
"Truck",237,389.958
"Truck",237,275.824
"Truck",287,397.136
"Truck",287,248.719
"Truck",287,413.648
"Truck",287,262.806
"Truck",300,452.945
"Truck",300,308.731
"Truck",300,435.9
"Truck",300,294.739
"Truck",325,368.207
"Truck",325,250.065
"Truck",282,259.622
"Truck",282,364.012
"Truck",282,384.329
"Truck",282,250.2653
"Truck",282,422.43
"Truck",282,287.752
"Truck",282,400.6605
"Truck",282,271.9015
"Truck",282,403.944
"Truck",282,278.499
"Truck",282,267.0792
"Truck",282,386.3671
"Truck",365,260.717
"Truck",365,396.625
"Truck",365,412.82
"Truck",365,267.651
"Truck",325,359.453
"Truck",325,242.839
"Truck",365,428.204
"Truck",365,281.769
"Truck",325,274.355
"Truck",325,394.094
"Truck",385,449.71
"Truck",385,288.43
"Truck",385,435.2212
"Truck",385,271.6875
"Truck",385,468.016
"Truck",385,271.0894
"Truck",385,286.906
"Truck",385,436.6978
"Truck",385,476.515
"Truck",385,436.8153
"Truck",385,271.8447
"Truck",385,286.306
"Truck",385,509.07
"Truck",385,345.682
"Truck",385,480.6433
"Truck",385,327.4232
"Truck",385,484.186
"Truck",385,306.406
"Truck",385,460.366
"Truck",385,286.3655
"Car",120,174.5
"Car",120,248.44
"Car",120,170.5934991
"Car",120,252.7136641
"Car",120,211.616
"Car",120,143.701
"Car",120,213.643
"Car",285,396.465
"Car",285,251.855
"Car",355,464.061
"Car",355,296.377
"Car",355,444.194
"Car",355,284.33
"Car",160,239.9845
"Car",160,255.429
"Car",160,148.0657
"Car",160,154.45
"Car",160,160.996
"Car",160,253.258
"Car",123,222.199
"Car",123,147.314
"Car",123,157.5391172
"Car",123,232.7277223
"Car",141,152.0873189
"Car",141,146.3079723
"Car",237,322.75
"Car",237,201.969
"Car",169,192.117
"Car",169,310.604
"Car",169,292.213
"Car",169,170.441
"Car",169,277.468
"Car",169,167.989
"Car",141,175.157
"Car",141,175.807
"Car",300,379.535697
"Car",300,230.0535454
"Car",420,472.258
"Car",420,252.755
"Car",420,381.253
"Car",420,594.838
"Car",300,405.87
"Car",300,222.514
"Car",310,326.017
"Car",310,197.652
"Car",310,340.931
"Car",310,209.372
"Car",310,312.74
"Car",310,200.53
"Car",420,449.211
"Car",420,255.72
"Car",420,452.871
"Car",420,258.174
"Car",420,263.098
"Car",420,456.929
"Car",420,472.035
"Car",420,275.103
"Car",420,470.856
"Car",420,462.366
"Car",420,273.275
"Car",420,266.018
"Car",420,471.159
"Car",420,283.077
"Car",420,479.84
"Car",420,284.021
"Car",300,389.767
"Car",300,242.263
"Car",526,528.212
"Car",526,307.835
"Car",526,505.809
"Car",526,293.522
"Car",237,344.826
"Car",237,212.181
"Truck",270,500.422
"Truck",270,334.457
"Truck",270,327.6542328
"Truck",270,503.4224765
"Truck",270,372.751
"Truck",270,352.1613
"Truck",270,509.254
"Truck",270,489.5341
"Truck",365,348.759
"Truck",365,509.257
"Car",365,418.769
"Car",365,255.853
"Car",285,365.753
"Car",285,224.595
"Car",365,449.629
"Car",365,281.4
"Car",365,458.477
"Car",365,283.601
"Car",305,256.32
"Car",305,388.877
"Car",305,241.5857
"Car",305,363.3
"Car",285,389.431
"Car",285,237.695
"Car",285,387.194
"Car",285,240.736
"Truck",170,213.315
"Truck",170,312.685
"Truck",170,323.243
"Truck",170,214.363
"Truck",170,313.495
"Truck",170,211.283
"Truck",170,315.927
"Truck",169,335.514
"Truck",169,222.258
"Truck",168,223.088
"Truck",168,346.003
"Truck",168,227.421
"Truck",168,228.281
"Truck",168,356.718
"Car",304,370.595
"Car",304,224.927
"Car",237,343.419
"Car",237,227.436
"Truck",305,400.863
"Truck",305,246.504
"Truck",380,485.098
"Truck",380,325.557
"Truck",380,493.4242136
"Truck",380,337.8855667
"SUV",255,411.4
"SUV",255,230.8
"Car",182,173.6
"Car",182,173.6
"Car",182,282.1
"Car",182,282.1
"SUV",303,414.936
"SUV",303,241.91
"SUV",303,419.2
"SUV",303,246.2
"SUV",182,361.136
"SUV",182,202.626
"Car",260,371.8
"Car",260,234.5
"Car",250,203.4610451
"Car",250,345.4409391
"SUV",182,329.619
"SUV",182,196.609
"Car",550,513.7
"Car",550,344.5
"Car",272,364.085
"Car",272,212.945
"Car",272,376.6
"Car",272,222.2
"Car",272,344.5
"Car",272,229.6
"Car",272,228.5
"Car",272,329.1
"Car",272,214.7
"Car",272,213.6
"Car",272,339.2
"Car",272,222.7
"Car",272,221.6
"Car",272,343.1
"Car",272,221.1
"Car",272,220
"Car",196,330.5084051
"Car",196,193.6831587
"Car",196,329.2735399
"SUV",301,385.453
"SUV",301,227.832
"Car",272,344.171
"Car",272,209.053
"Car",420,268.523
"Car",420,456.822
"SUV",301,384.7
"SUV",301,221.1
"SUV",301,384.7
"SUV",301,240.2
"Car",556,614.987
"Car",556,614.987
"Car",556,364.68
"Car",556,364.68
"Truck",425,479.977
"Truck",425,293.944
"Truck",425,485.6
"Truck",425,303.3
"Truck",425,491.424
"Truck",425,308.362
"Truck",425,493.7
"Truck",425,310.7
"SUV",280,417.204
"SUV",280,255.981
"SUV",280,448.284
"SUV",280,272.241
"SUV",280,399.832
"SUV",280,247.172
"SUV",280,411.814
"SUV",280,259.343
"SUV",280,457.828
"SUV",280,283.732
"SUV",280,279.432
"SUV",280,436.361
"Car",303,422.811
"Car",303,263.328
"Car",303,319.301
"Car",303,570.273
"Car",303,510.4271188
"Car",303,319.6465493
"Car",410,448.201
"Car",410,268.16
"Car",303,489.612
"Car",303,308.198
"Car",303,465.3
"Car",303,287.6
"SUV",304,396.7
"SUV",304,234.5
"SUV",304,437.8
"SUV",304,257.6
"SUV",304,422.989
"SUV",304,228.168
"Car",420,451.1
"Car",420,264.5
"Car",420,472.7
"Car",420,279.5
"Car",420,451.1
"Car",420,253.9
"SUV",182,316.042
"SUV",182,197.151
"SUV",182,309.317
"SUV",182,197.294
"SUV",182,348.5
"SUV",182,222.7
"SUV",182,348.5
"SUV",182,222.7
"SUV",182,339.2
"SUV",182,219.4
"SUV",182,339.2
"SUV",182,219.4
"Truck",425,490.367
"Truck",425,309.321
"Truck",345,442.1
"Truck",345,279.5
"Truck",345,425.3
"Truck",345,265.6
"Truck",345,451.1
"Truck",345,275.1
"Truck",345,434.1
"Truck",345,261.2
"Truck",345,448.8
"Truck",345,289.5
"Truck",345,431.2
"Truck",345,274.9
"Truck",345,444.4
"Truck",345,283
"Truck",345,428.2
"Truck",345,269
"Truck",345,442.1
"Truck",345,279.5
"Truck",345,451.1
"Truck",345,275.1
"Truck",345,448.8
"Truck",345,289.5
"Car",304,379.669
"Car",304,212.396
"Car",556,633.583
"Car",556,371.042
"Car",556,612.9
"Car",556,356.9
"Car",556,612.9
"Car",556,356.9
"Car",400,499.224
"Car",400,295.091
"Car",505,551.568
"Car",505,334.453
"SUV",280,393.576
"SUV",280,247.409
"SUV",280,391.223
"SUV",280,242.376
"Car",356,491
"Car",356,279.5
"Car",356,419.2
"Car",356,469.8
"Car",356,267.9
"Car",425,511.959
"Car",425,304.335
"Truck",194,366.131
"Truck",194,244.632
"Truck",194,352.943
"Truck",194,237.154
"Truck",300,389.91
"Truck",300,248.148
"Truck",194,252.885387
"Truck",194,381.4741024
"Truck",300,406.895
"Truck",300,263.735
"Truck",300,481.675
"Truck",300,366.787
"Car",450,421.225
"Car",450,232.981
"Car",450,405.219
"Car",450,405.219
"Car",450,210.114
"Car",450,210.114
"Car",455,444.07
"Car",455,214.148
"Car",455,220.376
"Car",650,481.547
"Car",650,295.16
"Car",650,467.143
"Car",650,279.322
"Car",650,538.557
"Car",650,299.183
"Car",138,243.361
"Car",138,147.103
"Car",138,263.7
"Car",138,166.1
"Car",140,179.8427335
"Car",140,311.466212
"Car",138,171.521
"Car",138,277.32
"Car",148,153.9586364
"Car",148,153.9586364
"Car",148,153.9586364
"Car",148,292.3471281
"Car",148,292.3471281
"Car",148,292.3471281
"Car",148,152.5160134
"Car",148,152.5160134
"Car",148,152.5160134
"Car",140,266.9
"Car",140,166.4
"Car",140,266.9
"Car",140,166.1
"Car",140,263.7
"Car",140,161.9
"Car",140,263.7
"Car",140,161.6
"SUV",308,429.3
"SUV",308,256.1
"SUV",308,270.1017655
"SUV",308,448.6408471
"SUV",182,313.887
"SUV",182,202.82
"SUV",182,333.935
"SUV",182,203.609
"Truck",280,645.137
"Truck",280,387.664
"Truck",280,678.4
"Truck",280,402.1
"Truck",323,409.5
"Truck",323,662.6
"Truck",323,398.4
"Truck",323,678.4
"Truck",323,409.5
"Truck",323,678.4
"Truck",323,691.8
"Truck",323,411.4
"Truck",323,716.7
"Truck",323,429.3
"SUV",280,396.86
"SUV",280,367.715
"SUV",280,213.308
"SUV",280,199.424
"SUV",280,417.2
"SUV",280,391
"SUV",280,229.6
"SUV",280,216.3
"Car",305,375.564
"Car",305,220.689
"SUV",305,357.962
"SUV",305,216.663
"Truck",285,430.344
"Truck",285,287.903
"Truck",285,430.667
"Truck",285,290.121
"Truck",285,403.5
"Truck",285,270.2
"Truck",285,396.7
"Truck",285,266.1
"Truck",285,414.1
"Truck",285,274.9
"Truck",285,405.8
"Truck",285,270.1
"Truck",285,431.2
"Truck",285,282.3
"Truck",285,423.2
"Truck",285,277.7
"Truck",285,425.2
"Truck",285,289.5
"Truck",285,431.2
"Truck",285,295.5
"Truck",285,480.831
"Truck",285,306.872
"Truck",285,460.367
"Truck",285,296.37
"Truck",345,285.423
"Truck",345,454
"Truck",345,433.659
"Truck",345,266.808
"Truck",345,285.423
"Truck",345,454
"Truck",345,476.9
"Truck",345,296.9
"Truck",345,472.7
"Truck",345,295.2
"Truck",345,460.5
"Truck",345,293.3
"Truck",345,472.7
"Truck",345,295.2
"Truck",345,460.5
"Truck",345,293.3
"Truck",345,285.423
"Truck",345,454
"Truck",345,437.22
"Truck",345,269.744
"Truck",345,293.3
"Truck",345,460.5
"Truck",345,449.6
"Truck",345,279.8
"Truck",345,290.4
"Truck",345,458.1
"Truck",345,446.5
"Truck",345,277.3
"Truck",345,293.3
"Truck",345,460.5
"Car",250,340.772
"Car",250,211.186
"Car",196,275.109
"Car",196,168.845
"Car",196,270.487
"Car",196,170.331
"Car",196,294.3
"Car",196,191.9
"Car",138,255.4
"Car",138,171.2
"Car",138,238.202
"Car",138,156.352
"Car",140,177.7
"Car",140,282.1
"Car",138,262.2
"Car",138,180.6
"Car",138,276.9
"Car",138,186.3
"Car",138,184.776
"Car",138,252.805
"Car",85,161.5033025
"Car",85,223.3808235
"Car",85,216.847
"Car",85,158.776
"Car",138,202.119
"Car",138,286.238
"Car",85,233.936
"Car",85,270.216
"Car",85,241.518
"Car",85,184.5448
"Car",85,165.42127
"Truck",425,497.074
"Truck",425,317.902
"Truck",425,512.554
"Truck",425,319.872
"Truck",425,552.6700887
"Truck",425,365.6077139
"Truck",352,711
"Truck",352,423.2
"Car",201,331.2
"Car",201,205.68
"Car",201,292.25
"Car",201,414.6
"Car",201,363.88
"Car",150,286.17
"Car",150,180.11
"Car",290,355.23
"Car",290,222.96
"Car",290,386.6089208
"Car",290,237.0296642
"Truck",273,350.84
"Truck",273,224.48
"Truck",273,362.05
"Truck",273,235.19
"SUV",206,281.1647093
"SUV",206,170.1607322
"SUV",206,276.66
"SUV",206,176.06
"Car",290,321.19
"Car",290,179.83
"Car",290,321.41
"Car",290,180.6
"Car",290,326.97
"Car",290,195.51
"Car",290,327.61
"Car",290,195.17
"Car",185,288.57
"Car",185,179.58
"Car",185,287.72
"Car",185,180.23
"Car",185,305.23
"Car",185,189.2
"Car",185,308.67
"Car",185,186.96
"Car",278,339.63
"Car",278,194.63
"Car",278,339.89
"Car",278,196.37
"Car",278,328.42
"Car",278,182.62
"Car",278,327.49
"Car",278,183.34
"Car",278,342.92
"Car",278,197.59
"Car",278,343.06
"Car",278,196.79
"Car",278,330.37
"Car",278,183.34
"Car",278,331.14
"Car",278,183.05
"Car",278,390.01
"Car",278,225.72
"Car",278,391.78
"Car",278,227.74
"Car",185,174.5470595
"Car",185,262.268696
"Car",185,254.24
"Car",185,172.41
"Car",185,266.3706946
"Car",185,174.8032353
"Car",185,262.0502709
"Car",185,250.15
"Car",185,169.65
"Car",189,266.3271596
"Car",189,184.1018944
"Car",189,185.7909357
"Car",189,273.5545068
"Car",185,255.44
"Car",185,172.79
"Car",185,253.86
"Car",185,173.36
"Car",185,251.25
"Car",185,167.91
"Car",185,249.71
"Car",185,169.1
"Car",189,265.24
"Car",189,180.44
"Car",189,264.36
"Car",189,180.41
"Car",196,205.76
"Car",196,123.68
"Car",196,126.42
"Car",196,206.5873781
"Car",196,130.0523816
"Car",196,129.3018001
"Car",143,244.54
"Car",143,173.55
"Car",143,244.68
"Car",143,172.75
"Car",143,228.08
"Car",143,162.49
"Car",143,164.6034153
"Car",143,238.8438656
"Car",143,229.03
"Car",143,162.85
"Car",143,223.62
"Car",143,159.37
"Car",143,225.11
"Car",143,159.24
"Car",143,228.09
"Car",143,163.37
"Car",143,162.74
"Car",143,229.6
"Car",143,161.8265468
"Car",143,232.7304028
"Car",143,222.67
"Car",143,157.65
"Car",110,192.82
"Car",110,124.26
"Car",110,194.57
"Car",110,124.28
"Car",143,154.2994228
"Car",143,224.2646939
"Car",143,213.48
"Car",143,148.47
"Car",143,214.9
"Car",143,149.67
"Car",143,214.32
"Car",143,149.17
"Car",110,144.35
"Car",110,131.45
"Car",110,145.73
"Car",110,133.35
"Car",110,143.86
"Car",110,131.43
"Car",110,145.92
"Car",110,132.53
"Car",201,335.46
"Car",201,213.34
"Car",201,406.14
"Car",201,366.21
"Car",201,299.32
"SUV",185,265.4914783
"SUV",185,189.8976183
"SUV",185,256.6122953
"SUV",185,186.8714997
"SUV",185,252.15
"SUV",185,183.9
"SUV",185,249.73
"SUV",185,184.36
"SUV",185,263.68
"SUV",185,194.65
"SUV",185,265.61
"SUV",185,195.29
"SUV",185,272.073919
"SUV",185,196.1011665
"SUV",185,265.6460453
"SUV",185,194.0945642
"SUV",185,259.6
"SUV",185,187.92
"SUV",185,261.58
"SUV",185,191.56
"Car",135,185.08
"Car",135,159.79
"Car",135,217.03
"Car",135,163.03
"SUV",192,320.94
"SUV",192,205.07
"Car",278,355.99
"Car",278,213.23
"Car",278,228.53
"Car",278,377.35
"Car",128,208.26
"Car",128,161.95
"Car",128,208.17
"Car",128,161.54
"Car",128,236.26
"Car",128,171.49
"Car",128,232.04
"Car",128,167.74
"Car",130,151.87
"Car",130,198.3511029
"Car",130,197.67
"Car",130,150.82
"Truck",248,371.69
"Truck",248,229.58
"Car",250,250
"Car",250,391.89
"Car",250,401.08
"Car",250,250.41
"Car",250,408.1
"Car",250,261.09
"Car",250,420.17
"Car",250,263.25
"Car",310,358.15
"Car",310,206.38
"Car",310,205.82
"Car",310,357.12
"Car",293,359.5251996
"Car",293,221.2527458
"Car",293,375.7709
"Car",293,226.2511
"Car",173,280.8065
"Car",173,177.759
"Car",173,284.4219
"Car",173,183.3401
"Car",173,285.6865
"Car",173,177.9645
"Car",173,291.3327
"Car",173,185.9381
"Car",173,287.7302
"Car",173,190.3202
"Car",173,192.8838354
"Car",173,286.6533909
"Car",173,291.9675
"Car",173,192.0793
"Car",173,287.3749
"Car",173,186.0638
"Car",145,253.8639
"Car",145,171.8962
"Car",145,254.967
"Car",145,169.0118
"Car",429,481.0397
"Car",429,277.8358
"Car",311,255.0800646
"Car",311,436.0278819
"Car",311,390.114
"Car",311,222.3062
"Car",420,484.0132
"Car",420,275.9066
"Car",348,452.2789
"Car",348,279.1342
"Car",348,383.4408
"Car",348,504.4056
"Car",348,512
"Car",348,376.4183
"Car",348,499.3705
"Car",348,493.4472
"Car",348,434.8942
"Car",348,260.2726
"Car",348,439.2253
"Car",348,254.2506
"Car",348,376.2277
"Car",348,484.808
"Car",348,474.4901
"Car",348,451.9327
"Car",348,379.2174
"Car",348,516.1408
"Car",348,520.3963
"Car",348,289.2187
"Car",348,455.9223
"Car",348,283.3759
"Car",348,384.2648
"Car",348,526.8304
"Car",348,504.4297
"Car",290,265.2879347
"Car",290,418.6229046
"Car",290,423.6213434
"Car",290,389.6984
"Car",290,252.8576
"Car",290,402.6
"Car",290,257.2461
"Car",290,389.81
"Car",290,247.51
"Car",265,365.397
"Car",265,236.2827
"Car",265,384.4865
"Car",265,261.2707
"Car",265,380.8554
"Car",265,256.0844
"Car",187,343.209
"Car",187,231.7676
"Car",190,370.3689
"Car",190,250.406
"Car",265,368.2011
"Car",265,244.446
"Car",290,422.8205
"Car",290,262.64253
"Car",290,414.0176
"Car",290,448.6178
"Car",290,280.3811
"Car",290,424.6579
"Car",245,199.7241153
"Car",245,309.5390395
"Car",245,206.731
"Car",245,332.4166
"Car",185,301.1569
"Car",185,186.5346
"Car",185,293.2051
"Car",185,176.0291
"Car",185,290.3604
"Car",185,179.6677
"Car",185,275.8432
"Car",185,168.1706
"Car",178,244.8977986
"Car",178,166.9056483
"Car",159,184.7263
"Car",159,156.6188
"Car",159,157.7761198
"Car",159,186.9975157
"Truck",180,364.5972
"Truck",180,248.54
"Truck",180,250.2217
"Truck",180,359.5093212
"Truck",182,348.7806
"Truck",182,249.6096
"Truck",182,338.1645
"Truck",182,245.7515
"Truck",182,340.4476
"Truck",182,221.63
"Truck",182,332.5491
"Truck",182,219.5241
"Truck",164,248.3293
"Truck",164,341.4372159
"Truck",164,298.6871
"Truck",164,217.7611
"Car",201,288.0498
"Car",201,199.5156
"Car",201,281.5449
"Car",201,186.1978
"Car",159,184.6212
"Car",159,156.9982
"Car",159,189.4587
"Car",159,160.5696
"Car",495,457.95
"Car",495,277.25
"Car",380,368.27
"Car",380,235.07
"Car",240,369.06
"Car",240,222.23
"Car",240,335.98
"Car",240,459.7
"Car",240,443.03
"Car",340,389.36
"Car",340,229.35
"Car",510,463.28
"Car",510,271.5
"Car",510,477.17
"Car",510,278.84
"Car",510,483.11
"Car",510,278.38
"Car",510,446.73
"Car",510,262.52
"Car",510,477.17
"Car",510,278.84
"Car",340,444.29
"Car",340,261.38
"Car",340,396.28
"Car",340,234.86
"Car",340,425.95
"Car",340,238.51
"Car",470,483.11
"Car",470,278.38
"Car",340,448.01
"Car",340,261.65
"Car",340,428.89
"Car",340,234.83
"Car",340,444.21
"Car",340,234.1
"Car",385,286.27
"Car",385,454.5
"Car",385,446.73
"Car",385,268.18
"Car",510,484.2
"Car",510,296.18
"Car",510,473.59
"Car",510,295.79
"Truck",240,355
"Truck",240,243
"Truck",240,406.99
"Truck",240,270.5
"Truck",340,420.89
"Truck",340,282.19
"Truck",240,337.2
"Truck",240,212.6
"Car",138,255.1639
"Car",138,172.1963
"Car",138,250.8674
"Car",138,165.7893
"Car",138,240.5042
"Car",138,158.7337
"Car",138,252.3893
"Car",138,163.219
"Car",138,167.2130472
"Car",138,262.423501
"Car",138,255.6351
"Car",138,171.208
"Car",138,253.3168
"Car",138,163.2473
"Car",173,274.8773
"Car",173,276.9733
"Car",166,288.7338
"Car",166,180.5782
"Car",166,282.8472
"Car",145,249.1608214
"Car",145,167.6034233
"Car",145,238.1643
"Car",145,155.166
"Car",145,253.0668
"Car",145,165.1582
"Car",173,276.4371
"Car",173,272.6076
"Car",138,250.4243
"Car",138,176.056
"Car",138,242.3359
"Car",138,170.1254
"Car",138,260.0282
"Car",138,178.6685
"Car",138,258.5981
"Car",138,175.0418
"Car",293,490.0606
"Car",293,345.7012
"Car",293,418.43
"Car",293,379.003
"Car",293,236.71
"Car",173,283.6807
"Car",173,173.526
"Car",173,277.4531
"Car",173,277.2628
"Car",173,168.467
"Car",173,270.195
"Car",166,286.8689
"Car",166,295.3028
"Car",166,177.9269
"Car",166,283.1685
"Car",166,175.414
"Car",166,271.4901
"Car",145,272.3218
"Car",145,166.5458
"Car",145,162.8462
"Car",145,260.0544
"Car",145,255.1355832
"Car",145,160.5112525
"Car",145,275.4275
"Car",145,166.8959
"Car",145,268.5215
"Car",145,160.3563
"Car",173,278.7531
"Car",173,184.9423
"Car",173,284.8841
"Car",201,316.2032
"Car",201,215.6159
"Car",201,312.2589
"Car",201,208.37
"Car",173,276.9979
"Car",173,183.6258
"Car",173,278.6561
"Car",173,285.9037
"Car",173,192.3127
"Car",173,278.0762
"Car",201,324.8977
"Car",201,217.905
"Car",201,330.0219
"Car",201,216.7889529
"Car",420,470.3812
"Car",420,275.6736
"Car",274,346.3287
"Car",274,203.0742
"Car",192,316.9818
"Car",192,202.355
"Car",192,311.4563
"Car",192,187.0878
"Car",192,311.5874
"Car",192,198
"Car",192,297.7142
"Car",192,181.2143
"Car",311,239.5655333
"Car",311,399.8459602
"Car",138,245.908
"Car",138,161.598
"Car",138,255.2974
"Car",138,173.1793
"Car",138,249.3776
"Car",138,163.9126
"Car",138,255.4076
"Car",138,169.8898769
"Car",138,247.2876
"Car",138,167.9009
"Car",138,242.8045
"Car",138,164.366
"Truck",276,402.4325
"Truck",276,264.4888
"Truck",276,391.9028
"Truck",276,257.5353
"Truck",276,433.0131
"Truck",276,287.1551
"Car",290,272.6405445
"Car",290,407.0626122
"Car",290,400.7573
"Car",290,269.6432
"Car",290,388.0195
"Car",290,262.1326
"Car",290,382.5991
"Car",290,245.4103
"Car",191,347.7821
"Car",191,231.8047
"Car",191,360.8567
"Car",191,251.2861
"Car",164,298.4447909
"Car",164,205.5858806
"Car",164,301.9803
"Car",164,210.2624
"Car",130,284.5921
"Car",130,207.3508
"Car",130,288.7743
"Car",130,206.9935
"Car",164,208.4274996
"Car",164,287.7577795
"Truck",260,243.1385721
"Truck",260,345.4218176
"Truck",260,374.1645
"Truck",260,257.8835
"Truck",180,362.3031
"Truck",180,245.6073
"Truck",180,357.583
"Truck",180,236.0014
"Truck",182,358.4291
"Truck",182,257.5639
"Truck",182,353.345
"Truck",182,240.7767
"Truck",182,340.7771
"Truck",182,221.0838
"Truck",182,335.0081
"Truck",182,219.603
"Truck",260,258.1649
"Truck",260,371.0282
"Truck",260,247.9582
"Truck",260,359.9244
"Car",700,784
"Car",700,804
"Car",700,708
"Car",700,392
"Car",700,532
"Car",700,784
"Car",700,744
"Car",700,417.9545797
"Car",700,771.3893189
"Car",700,590.8789553
"Car",700,705
"Car",700,353
"Car",700,527
"Car",405,477.1
"Car",405,267.1
"Car",405,477.5
"Car",405,248.6
"Car",345,466.6
"Car",345,266.9
"Car",345,463.6
"Car",345,256.1
"Car",444,560.258
"Car",444,318.614
"Car",444,573.423
"Car",444,313.164
"Car",454,560.136
"Car",454,311.998
"Car",454,568.004
"Car",454,310.862
"Car",523,541.3
"Car",523,300.4
"Car",523,536.4
"Car",523,283.1
"Car",405,277.5907688
"Car",405,474.8168251
"Car",405,483.3
"Car",405,250.5
"Truck",155,263
"Truck",155,181
"Truck",154,271
"Truck",154,204
"Truck",155,261
"Truck",155,194
"Truck",155,257
"Truck",155,195
"Truck",184,285
"Truck",184,208
"Truck",184,295
"Truck",184,214
"Truck",184,282
"Truck",184,198
"Truck",184,278
"Truck",184,280
"Truck",184,200
"Truck",274,436.446
"Truck",274,292.68
"Truck",273,406.68
"Truck",273,262.889
"Truck",273,431.101
"Truck",273,271.369
"Car",155,232
"Car",155,153
"Car",155,236
"Car",155,156
"Car",184,243
"Car",184,160
"Car",184,247
"Car",184,168
"Car",184,159
"Car",184,238
"Car",184,162
"Car",184,242
"Car",155,227
"Car",155,151
"Car",155,230
"Car",155,156
"Car",184,245
"Car",184,161
"Car",184,172.7559947
"Car",184,256.164582
"Car",184,254.7088025
"Car",184,177.17954
"Car",184,237
"Car",184,156
"Car",184,160.2554995
"Car",184,239.8606165
"Car",184,171.3352292
"Car",184,274.6955045
"Car",184,178.0653844
"Car",184,270.978954
"Car",157,317
"Car",157,214
"Car",157,219.9126715
"Car",157,334.6911256
"Car",157,355.449209
"Car",184,274
"Car",184,169
"Car",184,280
"Car",184,175
"Car",184,255
"Car",184,162
"Car",184,271
"Car",184,169.5000433
"Car",184,158.4972698
"Car",184,243.0675002
"Car",184,246
"Car",184,155
"Car",167,306
"Car",167,225
"Car",167,324
"Car",167,224
"Car",158,316
"Car",158,217
"Car",158,344
"Car",158,219
"Car",158,323
"Car",158,227
"Car",158,346
"Car",158,227
"Car",641,451.9
"Car",641,291
"Car",641,397.8
"Car",641,535.1
"Car",641,546
"Car",904,550.3
"Car",904,315.5847313
"Car",904,418.9799633
"Car",904,457.1260128
"Car",904,526.1
"Car",469,403.61
"Car",469,258.23
"Car",201,323.82
"Car",201,199.96
"Car",241,186.36
"Car",241,277.7
"Car",241,287.05
"Car",241,200.83
"Car",302,350.95
"Car",302,220.32
"Car",302,420.8
"Car",302,362.91
"Car",302,233.29
"Car",329,331.61
"Car",329,221.74
"Car",208,265.6
"Car",208,164.6
"SUV",208,285.44
"SUV",208,189.1
"SUV",208,281.01
"SUV",208,189.25
"Car",355,304.65
"Car",355,207.04
"Car",329,346.74
"Car",329,211.42
"Car",329,242.0995605
"Car",329,365.9447407
"Car",329,240.2571617
"Car",402,404.89
"Car",402,243
"Car",402,268.63
"Car",402,426.54
"Car",550,457.97
"Car",550,292.33
"SUV",190,276.53
"SUV",190,276.53
"SUV",190,276.53
"SUV",190,171.23
"SUV",190,171.23
"SUV",190,171.23
"SUV",190,288.85
"SUV",190,288.85
"SUV",190,288.85
"SUV",190,186.3
"SUV",190,186.3
"SUV",190,186.3
"Car",302,218.7
"Car",302,343.43
"Car",302,335.04
"Car",302,211.38
"Car",302,223.7
"Car",302,358.82
"Car",302,223.5570741
"Car",302,375.0549395
"Car",302,365.2753107
"Car",302,215.18
"Car",302,322.78
"Car",302,341.94
"Car",302,228.8
"Car",302,351.34
"Car",302,238.56
"Car",329,344.95
"Car",329,217.54
"Car",329,342.17
"Car",329,216.32
"Car",329,345.11
"Car",329,212.98
"Car",329,357.58
"Car",329,229.55
"Car",329,349.99
"Car",329,223.8
"Car",329,371.53
"Car",329,238.95
"Car",302,293.7
"Car",302,221.95
"Car",402,414.86
"Car",402,250.25
"Car",402,404.38
"Car",402,242.05
"Car",550,441.43
"Car",550,276.29
"Car",577,465.22
"Car",577,288.75
"Car",577,461.51
"Car",577,292.32
"Truck",382,615.61
"Truck",382,436.84
"Truck",240,280.47
"Truck",240,280.47
"Truck",240,280.47
"Truck",240,423.1
"Truck",240,423.1
"Truck",240,423.1
"Truck",362,421.19
"Truck",362,304.85
"Truck",429,604.77
"Truck",429,537.48
"Truck",429,358.2
"Truck",429,634.79
"Truck",429,532.22
"Truck",536,736.6
"Truck",536,598.79
"Truck",536,429.53
"Truck",536,709.06
"Truck",536,638.69
"Truck",518,652.36
"Truck",518,541.05
"Truck",518,365.5
"Truck",518,642.53
"Truck",518,566.33
"SUV",208,275.05
"SUV",208,175.53
"SUV",208,287.39
"SUV",208,196.54
"SUV",208,292.24
"SUV",208,187.8
"Car",355,302.57
"Car",355,217.38
"Truck",200,217.49
"Truck",200,217.49
"Truck",200,217.49
"Truck",200,324.75
"Truck",200,324.75
"Truck",200,324.75
"SUV",302,371.92
"SUV",302,250.32
"SUV",302,373.5
"Car",302,376.73
"Car",302,251.1
"Car",302,376.68
"SUV",302,392.2488893
"SUV",302,256.9933089
"SUV",302,408.1416695
"Truck",302,389.25
"Truck",302,258.22
"Truck",201,233.16
"Truck",201,233.16
"Truck",201,233.16
"Truck",201,344.74
"Truck",201,344.74
"Truck",201,344.74
"Truck",201,388.17
"Truck",201,388.17
"Truck",201,388.17
"Truck",201,445.89
"Truck",201,445.89
"Truck",201,445.89
"Truck",201,471.01
"Truck",201,471.01
"Truck",201,471.01
"SUV",302,390.7
"SUV",302,271.2
"SUV",302,403.82
"SUV",302,284.6
"SUV",302,382.22
"SUV",302,265.87
"Truck",329,395.68
"Truck",329,289.76
"Truck",518,520.54
"Truck",518,365.13
"Truck",518,713.02
"Truck",518,551.62
"Truck",518,647.15
"Car",449,410.66
"Car",449,251.86
"Car",449,390.89
"Car",449,508.49
"Car",449,515.51
"Car",449,374.66
"Car",449,436
"Car",449,259.39
"Car",449,390.23
"Car",449,542.09
"Car",449,532.26
"Car",429,435.39
"Car",429,265.99
"Car",436,294.63
"Car",436,210.68
"Car",523,565.9387899
"Car",523,306.3946063
"Car",577,565.46
"Car",577,478.99
"Car",577,282.5
"Car",577,578.83
"Car",577,423.93
"Car",577,465.13
"Car",577,275.16
"Car",621,562.9
"Car",621,319.91
"Car",621,316.0550386
"Car",621,575.6282879
"Car",329,352.39
"Car",329,233.64
"Car",429,404.49
"Car",429,260.91
"Car",536,448.57
"Car",536,275.95
"Car",536,385.12
"Car",536,504.08
"Car",536,565.72
"Car",621,511.74
"Car",621,304.99
"Car",201,308.38
"Car",201,194.06
"Car",201,312.34
"Car",201,195.73
"Car",302,218.81
"Car",302,330.16
"Car",416,372.98
"Car",416,233.71
"Car",416,351.03
"Car",416,466.65
"Car",416,413.25
"Car",563,344.37
"Car",563,557.51
"Car",70,289.23
"Car",70,235.74
"Car",70,151.8317607
"Car",70,197.2247986
"Car",451,546.41
"Car",451,333.09
"Car",148,279.44774
"Car",148,183.21717
"Car",148,267.51846
"Car",148,183.92905
"Car",168,309.35295
"Car",168,203.96331
"Car",168,301.8454522
"Car",168,209.1254691
"Car",143,184.23176
"Car",143,262.3794387
"Car",291,422.12296
"Car",291,278.29032
"Car",291,426.0291
"Car",291,283.77473
"Car",237,402.69605
"Car",237,254.15928
"Car",168,312.0739856
"Car",168,221.4244545
"Car",74,197.57017
"Car",74,145.49573
"Car",74,138.67102
"Car",74,179.9171549
"Truck",166,277.71965
"Truck",166,204.9471
"Truck",166,290.48768
"Truck",166,214.55972
"Truck",224,341.92211
"Truck",224,226.77512
"Truck",148,291.30131
"Truck",148,212.29167
"Truck",148,270.17596
"Truck",148,192.39054
"Truck",168,295.42098
"Truck",168,216.4332
"Truck",148,279.74055
"Truck",148,204.65414
"Truck",168,303.75361
"Truck",168,226.08964
"Car",301,243
"Car",301,187
"Car",325,417
"Car",325,254
"Car",325,403
"Car",325,249
"Car",325,434
"Car",325,266
"Car",330,395
"Car",330,242
"Car",330,370
"Car",330,235
"Car",330,410
"Car",330,252
"Car",330,402
"Car",330,257
"Car",330,400
"Car",330,252
"Car",301,242
"Car",301,185
"Car",301,232
"Car",301,168
"Car",301,237
"Car",301,174
"Car",328,360
"Car",328,217
"Car",328,360
"Car",328,218
"Car",328,353
"Car",328,214
"Car",328,358
"Car",328,213
"Car",328,365
"Car",328,228
"Car",328,367
"Car",328,225
"Car",328,357
"Car",328,216
"Car",328,357
"Car",328,215
"Car",328,382
"Car",328,238
"Car",328,385
"Car",328,235
"Car",328,379.290488
"Car",328,232.6634131
"Car",328,379.3905424
"Car",328,234.0686641
"Car",301,242
"Car",301,178
"Car",301,248
"Car",301,178
"Car",301,257
"Car",301,203
"Car",301,254
"Car",301,205
"Car",330,385.1874427
"Car",330,245.2058571
"Car",330,249.4591824
"Car",330,406.2852723
"Car",330,262
"Car",330,402
"Car",330,264
"Car",330,401
"Car",330,260
"Car",330,401
"Car",330,258
"Car",330,402
"Car",420,460
"Car",420,282
"Car",420,460
"Car",420,281
"Car",420,450
"Car",420,275
"Car",420,449
"Car",420,273
"Car",420,452
"Car",420,276
"Car",420,451
"Car",420,274
"Car",420,436
"Car",420,261
"Car",420,436
"Car",420,263
"Car",302,231
"Car",302,186
"Car",302,234
"Car",302,186
"Car",325,409
"Car",325,260
"Car",325,416
"Car",325,265
"Car",325,403
"Car",325,256
"Truck",265,246
"Truck",265,351
"Truck",265,348
"Truck",265,242
"Truck",265,350
"Truck",265,239
"Truck",265,345
"Truck",265,237
"Truck",265,342
"Truck",265,230
"Truck",265,339
"Truck",265,228
"Truck",230,259
"Truck",230,228
"Truck",230,263
"Truck",230,230
"Truck",230,262
"Truck",230,227
"Truck",230,259
"Truck",230,226
"Truck",230,256
"Truck",230,223
"Truck",230,255
"Truck",230,221
"Truck",325,444
"Truck",325,295
"Truck",325,441
"Truck",325,292
"Truck",325,420
"Truck",325,269
"Truck",400,518
"Truck",400,325
"Truck",400,515.7618753
"Truck",400,331.1656795
"Truck",400,515
"Truck",400,317
"Truck",400,513
"Truck",400,315
"Truck",400,548
"Truck",400,346
"Truck",317,577
"Truck",317,573
"Truck",317,345
"Truck",317,590
"Truck",317,368
"Truck",317,590
"Truck",317,368
"Car",332,393
"Car",332,244
"Car",332,402
"Car",332,252
"Car",332,408
"Car",332,260
"Car",332,411
"Car",332,262
"Car",332,392
"Car",332,258
"Car",332,393
"Car",332,260
"Car",332,386
"Car",332,254
"Car",270,307
"Car",270,199
"Car",270,305
"Car",270,197
"Car",270,305
"Car",270,197
"Truck",317,580
"Truck",317,582
"Truck",317,346
"Truck",317,338
"Truck",317,559
"Truck",317,590
"Truck",317,371
"Truck",317,584
"Truck",317,366
"Truck",317,349
"Truck",317,554
"Truck",261,438
"Truck",261,271
"Truck",261,453
"Truck",261,287
"Truck",152,416
"Truck",152,289
"Truck",152,366
"Truck",152,279
"Truck",152,408
"Truck",152,279
"Truck",152,268
"Truck",152,352
"Truck",261,490
"Truck",261,318
"Truck",261,483
"Truck",261,312
"Truck",261,471
"Truck",261,306
"Truck",261,465
"Truck",261,306
"Truck",261,449
"Truck",261,301
"Truck",261,456
"Truck",261,306
"Truck",261,488
"Truck",261,337
"Truck",261,486
"Truck",261,313
"Truck",261,494
"Truck",261,334
"Truck",261,440
"Truck",261,295
"Truck",261,454
"Truck",261,317
"Truck",261,432
"Truck",261,284
"Truck",261,460
"Truck",261,294
"Truck",261,477
"Truck",261,314
"Truck",261,472.0171666
"Truck",261,296.8075626
"Truck",261,449
"Truck",261,287
"Car",530,427
"Car",530,293
"Car",530,402
"Car",530,433
"Car",530,290
"Car",530,396
"Car",530,494
"Car",530,482
"Car",530,442
"Car",530,424
"Car",530,299
"Car",530,479
"Car",530,294
"Car",530,417
"Car",530,436
"Car",530,292
"Car",188,202
"Car",188,260
"Car",188,201
"Car",188,259
"Car",215,201
"Car",215,260
"Car",188,249.6500897
"Car",188,196.6164408
"Car",188,192
"Car",188,242
"Car",188,277
"Car",188,219
"Car",188,245
"Car",188,185
"Car",188,249
"Car",188,185
"Car",260,336
"Car",260,222
"Car",260,328
"Car",260,212
"Car",260,215
"Car",260,332
"Car",260,216.3253593
"Car",260,332.9544705
"Truck",131,358
"Truck",131,286
"Truck",131,217
"Car",135,341
"Car",135,220
"Car",135,363
"Car",135,400
"Car",135,295
"Truck",260,243
"Truck",260,362
"Truck",260,352
"Truck",260,236
"Truck",260,345
"Truck",260,228
"Truck",260,337
"Truck",260,222
"Truck",230,255
"Truck",230,223
"Truck",230,272
"Truck",230,223
"Truck",230,266
"Truck",230,232
"Truck",230,266
"Truck",230,230
"Truck",260,365
"Truck",260,240
"Truck",260,356
"Truck",260,231
"Truck",170,279
"Truck",170,197
"Truck",170,277
"Truck",170,201
"Truck",170,279
"Truck",170,200
"Truck",170,272
"Truck",170,196
"Truck",170,269
"Truck",170,192
"Truck",170,246
"Truck",170,332
"Truck",170,315
"Truck",170,234
"Truck",170,225
"Truck",170,306
"Car",130,222
"Car",130,159
"Car",130,221
"Car",130,157
"Car",130,167.9074396
"Car",130,242.2364733
"Car",130,229
"Car",130,161
"Car",124,234
"Car",124,163
"Car",124,229
"Car",124,159
"Truck",317,608
"Truck",317,394
"Truck",317,605
"Truck",317,389
"Truck",317,582
"Truck",317,390
"Car",109,247
"Car",109,171
"Car",109,215
"Car",109,158
"Car",109,216
"Car",109,159
"Car",109,214
"Car",109,157
"Car",109,264
"Car",109,173
"Car",109,243
"Car",109,171
"Car",109,214
"Car",109,155
"Car",109,155
"Car",109,155
"Truck",317,570
"Truck",317,357
"Truck",317,553
"Truck",317,342
"Truck",317,596
"Truck",317,380
"Truck",317,592
"Truck",317,378
"Truck",317,572
"Truck",317,369
"Truck",317,572
"Truck",317,370
"Truck",317,549
"Truck",317,352
"Truck",317,561
"Truck",317,361
"Truck",317,592
"Truck",317,375
"Truck",317,598
"Truck",317,371
"Truck",317,567
"Truck",317,354
"Truck",317,570
"Truck",317,365
"Truck",317,572
"Truck",317,367
"Truck",317,546
"Truck",317,349
"Truck",317,539
"Truck",317,340
"Truck",317,597
"Truck",317,392
"Truck",317,601
"Truck",317,396
"Truck",317,580
"Truck",317,376
"Truck",317,559
"Truck",317,356
"Car",350,233.146011
"Car",350,375.8877374
"Car",350,349.27
"Car",350,224.8
"Car",350,371.89
"Car",350,232.67
"Car",350,368.27
"Car",350,237.22
"Car",350,352.37
"Car",350,229.01
"Car",350,344.61
"Car",350,230.8
"Car",350,379.4
"Car",350,241.74
"Car",350,373.5
"Car",350,244.48
"Car",350,358.62
"Car",350,236.05
"Car",350,353.23
"Car",350,237.92
"Car",400,383.59
"Car",400,240.54
"Car",400,367.11
"Car",400,241.65
"Car",400,388.17
"Car",400,246.47
"Car",400,382.2073781
"Car",400,243.8404598
"Car",430,386.18
"Car",430,249.39
"Car",430,374.84
"Car",430,247.71
"Car",430,398.05
"Car",430,251.16
"Car",430,386.11
"Car",430,246.65
"Car",430,254.32
"Car",430,396.87
"Car",430,391.83
"Car",430,253.61
"Car",430,412.3
"Car",430,254.75
"Car",430,395.4
"Car",430,251.76
"Car",350,372.03
"Car",350,233.98
"Car",350,367.31
"Car",350,235.27
"Car",350,348.02
"Car",350,224.53
"Car",350,336.13
"Car",350,225.75
"Car",400,378.45
"Car",400,233.34
"Car",400,367.14
"Car",400,236.37
"Car",400,361.03
"Car",400,234.26
"Car",400,379.07
"Car",400,238.89
"Car",400,371.61
"Car",400,240.71
"Car",400,372.22
"Car",400,234.24
"Car",430,392.47
"Car",430,244.65
"Car",430,369.69
"Car",430,244.45
"Car",430,396.27
"Car",430,244.2
"Car",430,382.65
"Car",430,243.36
"Car",475,488.42
"Car",475,313.54
"Car",350,386.36
"Car",350,243.89
"Car",350,368.85
"Car",350,240.85
"Car",400,395.98
"Car",400,250.44
"Car",400,379.63
"Car",400,247.74
"Car",560,429.45
"Car",560,261.95
"Car",560,398.74
"Car",560,259.56
"Car",887,309.158
"Car",887,257.77
"Car",265,319
"Car",265,198.07
"Car",265,343.45
"Car",265,214.17
"Car",315,359.2
"Car",315,231.21
"Car",315,338.04
"Car",315,212.41
"Truck",420,419.99
"Truck",420,260.42
"SUV",416,335.77
"SUV",416,263.31
"Truck",520,306.41142
"Truck",520,508.6615248
"Car",340,366.48
"Car",340,239.05
"Car",340,360.28
"Car",340,238.91
"Car",340,327.68
"Car",340,206.17
"Car",340,321.26
"Car",340,205.08
"Truck",340,418.49
"Truck",340,280.74
"Truck",340,408.31
"Truck",340,276.98
"Truck",400,275.7519138
"Truck",400,436.859293
"Truck",400,423.3
"Truck",400,273.5238934
"Car",310,396.34
"Car",310,228.14
"Car",310,379.09
"Car",310,227.56
"Car",310,405.76
"Car",310,237.46
"Car",310,382.03
"Car",310,235.79
"Car",420,416.79
"Car",420,238.17
"Car",420,394.88
"Car",420,238.88
"Car",420,426.68
"Car",420,241.66
"Car",420,400.73
"Car",420,239.2
"Car",440,472.3
"Car",440,264.49
"Car",440,448.14
"Car",440,264
"Car",416,307.4393684
"Car",416,216.2393528
"Car",520,483.26
"Car",520,265.88
"Car",520,444.94
"Car",520,262.02
"Car",520,487.13
"Car",520,267.34
"Car",520,451.13
"Car",520,267.42
"Car",262,472.84
"Car",262,443.291
"Car",262,185.650351
"Car",262,331.7543051
"Car",262,239.8490473
"Car",262,418.9087158
"Car",262,388.5249301
"Car",563,469.58
"Car",563,632.66
"Car",563,668.11
"Car",563,580.73
"Car",563,333.26
"Car",453,348.29
"Car",453,640.76
"Car",453,538.77
"Car",453,723.7
"Car",453,629.51
"Car",453,639.4
"Car",453,352.1
"Car",624,577.03
"Car",624,321.96
"Car",565,532.7471
"Car",565,294.82
"Car",565,630
"Car",565,300.1
"Car",565,603
"Car",565,580
"Car",565,299.31
"Car",565,561.7736
"Car",565,306.3778
"Car",200,281
"Car",200,187
"Car",200,281
"Car",200,185
"Car",200,324
"Car",200,212
"Car",200,323.632344
"Car",200,207.2262794
"SUV",250,231.34772
"SUV",250,301.1377168
"SUV",170,201.24268
"SUV",170,284.85855
"SUV",170,318.39521
"SUV",170,221.35827
"SUV",148,242.682069
"SUV",148,167.637145
"SUV",148,277.69205
"SUV",148,182.510202
"SUV",148,277.422815
"SUV",148,182.802824
"SUV",148,252.489991
"SUV",148,173.127756
"SUV",148,287.7495789
"SUV",148,189.2015424
"SUV",148,249.530565
"SUV",148,172.245183
"SUV",148,246.94113
"SUV",148,170.505461
"SUV",148,246.266472
"SUV",148,169.852526
"SUV",148,280.105894
"SUV",148,186.737682
"SUV",148,278.434205
"SUV",148,184.991567
"SUV",175,264.269239
"SUV",175,175.457088
"SUV",175,265.444926
"SUV",175,173.2208052
"SUV",175,262.546327
"SUV",175,175.67274
"SUV",175,261.601513
"SUV",175,173.462484
"SUV",256,354.897182
"SUV",256,219.579882
"SUV",175,275.680845
"SUV",175,191.582679
"SUV",175,274.336581
"SUV",175,189.87732
"SUV",175,274.719171
"SUV",175,190.680699
"SUV",175,272.969983
"SUV",175,191.49089
"SUV",256,358.702161
"SUV",256,232.512157
"SUV",256,358.702716
"SUV",256,232.164174
"SUV",268,438.489198
"SUV",268,296.332198
"SUV",268,305.2799194
"SUV",268,212.9527037
"SUV",268,330.17471
"SUV",268,223.340966
"SUV",305,416.377238
"SUV",305,274.557855
"SUV",148,264.927722
"SUV",148,186.535381
"SUV",148,207.515288
"SUV",148,304.2602215
"SUV",148,229.15252
"SUV",148,183.815048
"Car",154,222.8797967
"Car",154,207.6336408
"Car",154,163.9900708
"Car",154,161.0698881
"Car",154,249.8110679
"Car",154,204.0613311
"Car",154,233.999381
"Car",154,163.0416422
"Car",154,229.9453526
"Car",154,153.7546886
"Car",154,207.0008178
"Car",154,218.5061744
"Car",154,159.5902289
"Car",154,233.9752834
"Car",154,161.6669428
"Car",268,337.2546768
"Car",268,205.2658403
"Car",268,335.6663014
"Car",268,200.5143063
"Car",268,199.680422
"Car",268,333.8826326
"Car",268,333.8666163
"Car",268,199.8027067
"Car",306,450.3556386
"Car",306,357.6975722
"Car",306,341.6380123
"Car",306,441.8031814
"Car",306,369.1685158
"Car",306,227.3875218
"Car",306,360.5466625
"Car",306,337.3551852
"Car",306,446.6633264
"Car",306,226.7580584
"Car",306,444.3834207
"Car",306,357.5893276
"Car",306,334.918967
"Car",306,227.3380305
"Car",306,244.155431
"Car",306,362.118264
"Car",306,376.883887
"Car",306,365.0995443
"Car",306,243.9634281
"Car",306,375.1122492
"Car",306,361.3909655
"Car",306,244.7974278
"Car",306,377.3128842
"Car",306,454.5140022
"Car",306,449.577224
"Car",306,453.6662666
"Car",306,446.5117993
"Car",306,455.8083183
"Car",306,451.8759975
"Car",286,300.30772
"Car",286,293.76457
"Car",286,271.9626487
"Car",286,199.5633167
"Car",286,221.4555253
"Car",286,269.6515343
"Car",286,295.3992463
"Car",286,292.2064701
"Car",286,218.219106
"Car",286,198.2589483
"Car",286,279.9434888
"Car",286,318.0338112
"Car",286,297.4143893
"Car",286,231.3758624
"Car",286,203.39544
"Truck",301,315.1462204
"Truck",301,470.5790611
"Car",204,209.2162214
"Car",204,328.1403183
"Car",204,330.1986264
"Car",204,210.3634409
"Car",204,205.1378337
"Car",204,328.3615522
"Car",204,232.141214
"Car",204,349.5070434
"Car",204,348.4347436
"Car",204,232.0977479
"Car",204,347.7014157
"Car",204,350.2096168
"Car",204,231.5588206
"Car",204,327.5932197
"Car",204,205.7987209
"Car",306,457.4575183
"Car",306,381.0934176
"Car",306,381.0233325
"Car",306,257.5865546
"Car",306,464.3283502
"Car",306,382.8041722
"Car",306,254.6485244
"Car",306,373.6050199
"Car",306,379.6131476
"Car",306,254.4467122
"Car",306,373.2932194
"Car",306,367.6041009
"Car",306,247.0556177
"Car",306,373.1968112
"Car",306,368.3862307
"Car",306,245.2055908
"Car",306,371.7630912
"Car",306,248.1834234
"Car",306,369.3355336
"Car",306,369.8454643
"Car",306,235.1906137
"Car",306,364.4222017
"Car",306,234.2250862
"Car",306,363.698665
"Car",389,474.7375918
"Car",389,474.7375918
"Car",389,403.2814354
"Car",389,403.2814354
"Car",389,404.6156553
"Car",389,404.6156553
"Car",389,421.8792065
"Car",389,421.8792065
"Car",389,444.8623519
"Car",389,444.8623519
"Truck",383,365.419759
"Truck",383,569.1408499
"Truck",383,591.792142
"Truck",383,380.5613673
"Truck",383,585.6735009
"Truck",383,376.1819116
"Truck",235,312.0911244
"Truck",235,223.5632005
"Truck",235,308.8945975
"Truck",235,223.1791291
"Truck",235,222.9851642
"Truck",235,311.6661502
"Truck",235,305.297214
"Truck",235,216.5207023
"Truck",235,305.6472217
"Truck",235,219.6258546
"Truck",235,219.5583503
"Truck",235,309.6851886
"Truck",235,225.4821693
"Truck",235,314.6308531
"Truck",235,315.4034913
"Truck",235,225.955555
"Truck",235,225.0659159
"Truck",235,314.2814743
"Truck",235,307.5248045
"Truck",235,219.9037926
"Truck",235,305.685047
"Truck",235,218.8985734
"Truck",235,217.1965938
"Truck",235,307.7343384
"Truck",235,248.203026
"Truck",235,327.7916749
"Truck",235,319.6166816
"Truck",235,231.3132781
"Truck",235,230.4571731
"Truck",235,315.371684
"Truck",235,242.5049756
"Truck",235,320.8204425
"Truck",235,315.7478533
"Truck",235,232.1836458
"Truck",235,316.200491
"Truck",235,231.5337491
"Truck",112,208.7136152
"Truck",112,194.3704846
"Truck",112,207.4558234
"Truck",112,194.8886372
"Truck",112,192.1302555
"Truck",112,203.9969979
"Truck",112,200.6978762
"Truck",112,186.2487629
"Truck",112,209.5908616
"Truck",112,200.0404653
"Truck",112,200.3295277
"Truck",112,215.6322404
"Truck",112,209.4102514
"Truck",112,203.0984779
"Truck",112,196.527687
"Truck",112,210.1926328
"Truck",112,204.8862389
"Truck",112,200.6846045
"Truck",112,207.5409845
"Truck",112,199.6145945
"Truck",112,207.371443
"Truck",112,195.6481706
"Truck",112,202.2642237
"Car",467,425.9731312
"Car",467,254.0324619
"Car",467,370.5714577
"Car",467,504.2435756
"Car",467,515.8309228
"Truck",270,388.3262057
"Truck",270,255.1497705
"Truck",270,254.6989014
"Truck",270,385.547168
"Truck",270,262.5109038
"Truck",270,392.003409
"Truck",270,266.0268553
"Truck",270,406.7382545
"Truck",270,384.0578935
"Truck",270,247.2431216
"Truck",245,215.3292345
"Truck",245,228.5139217
"Truck",245,212.3015037
"Truck",245,224.3584132
"Truck",245,217.1822011
"Truck",245,228.1586499
"Truck",245,240.640399
"Truck",245,228.9290923
"Truck",245,218.7850873
"Truck",245,228.1134174
"Truck",245,221.2216137
"Truck",245,228.0741092
"Car",94,229.2161468
"Car",94,238.6598324
"Car",94,250.4392063
"Car",94,182.1033485
"Car",94,148.9271432
"Car",179,199.7433482
"Car",179,298.0790531
"Car",179,301.0342168
"Car",179,201.51584
"Car",179,305.0087983
"Car",179,207.9455038
"Car",179,203.6412523
"Car",179,297.6336629
"Truck",270,419.5139867
"Truck",270,287.6307144
"Truck",270,284.1626387
"Truck",270,410.3566328
"Truck",270,298.4722884
"Truck",270,301.1149173
"Truck",270,427.9323209
"Truck",270,297.6840424
"Truck",270,423.9784539
"Car",178,276.8714861
"Car",178,177.1747948
"Car",268,326.8024888
"Car",268,204.7727128
"Car",154,156.5325481
"Car",154,150.1595141
"Car",154,152.4829095
"Car",154,157.5352583
"Car",154,157.2902683
"Car",154,160.9587876
"Car",154,163.1150243
"Car",154,163.5234072
"Car",154,160.5298184
"Car",154,161.7857551
"Car",154,157.5538163
"Car",154,153.2413782
"Car",132,250.3427994
"Car",132,170.5522079
"Car",132,246.194405
"Car",132,170.949445
"Car",132,235.2674765
"Car",132,161.0592201
"Car",132,169.7427528
"Car",132,237.08629
"Car",132,160.9283447
"Car",132,228.4529608
"Car",132,165.4548297
"Car",132,237.5176731
"Car",140,219.3207439
"Car",140,156.0738786
"Car",140,225.6806788
"Car",140,151.049699
"Car",140,221.2463147
"Car",140,148.5198941
"Car",140,224.4844734
"Car",140,159.1790739
"Car",140,157.3190604
"Truck",185,388.8461536
"Truck",185,228.0797699
"Truck",185,343.5914663
"Truck",270,252.4895231
"Truck",270,375.0060008
"Truck",270,391.9383457
"Truck",270,265.1114073
"Truck",245,301.1286992
"Truck",245,228.6757095
"Truck",245,330.4280528
"Truck",245,374.830263
"Truck",245,228.9244194
"Truck",245,341.6673586
"Truck",245,297.6799338
"Truck",245,341.6118825
"Truck",245,276.4122688
"Truck",245,227.360127
"Truck",245,229.5593779
"Truck",245,342.3769376
"Truck",245,286.129681
"Truck",245,336.7678694
"Truck",245,229.4927334
"Truck",245,229.5785282
"Truck",245,290.0017833
"Truck",245,225.7091997
"Truck",245,336.2449833
"Truck",245,342.2531992
"Truck",245,231.0424187
"Truck",245,226.4794635
"Truck",245,318.1827732
"Truck",245,334.7556791
"Truck",245,288.6479894
"Truck",245,226.9724329
"Truck",381,362.4384054
"Truck",381,551.6343522
"Truck",381,546.0003696
"Truck",381,358.7476822
"Car",98,130.8100637
"Car",98,128.6861186
"Car",98,130.0496473
"Car",98,134.0886982
"Car",98,130.1227932
"Car",98,133.1376316
"Car",98,122.8989144
"Car",98,125.7411575
"Car",98,121.8403342
"Car",98,126.8913116
"Car",98,121.938424
"Car",98,127.1332557
"Car",82,180.1866934
"Car",82,161.5399364
"Car",82,216.8729752
"Car",82,140.4235207
"Car",82,135.2641642
"Car",82,161.178781
"Car",82,183.5887652
"Car",82,195.5228137
"Car",82,132.9247938
"Car",82,124.2234292
"Car",82,176.3921595
"Car",82,151.9797156
"Car",82,209.3795917
"Car",82,128.8904908
"Car",82,130.6068412
"Car",82,173.5790302
"Car",82,148.8848493
"Car",82,186.3185698
"Car",82,123.567393
"Car",82,117.8270844
"Car",98,180.7904938
"Car",98,124.5113745
"Car",98,192.4553382
"Car",98,128.1080271
"Car",98,185.3097503
"Car",98,178.3447553
"Car",98,167.0471307
"Car",98,166.81201
"Car",98,130.8641573
"Car",98,126.4968349
"Car",98,187.4788977
"Car",98,187.0234522
"Car",98,167.2872239
"Car",98,121.7013991
"Car",98,128.2509624
"Car",98,148.3199728
"Car",98,157.9166662
"Car",98,158.466464
"Car",98,149.1677595
"Car",98,148.9344939
"Car",98,158.8428401
"Car",98,143.9604026
"Car",98,151.3337471
"Car",98,156.2051586
"Car",98,152.3818514
"Car",98,146.7277363
"Car",98,151.5842487
"Car",98,146.4749212
"Truck",176,293.4932214
"Truck",176,202.6738213
"Truck",176,218.0924634
"Truck",176,309.1145429
"Truck",176,214.4620557
"Truck",176,308.8751898
"Truck",176,315.5786047
"Truck",176,220.9918903
"Truck",381,550.6731501
"Truck",381,360.2279643
"Truck",381,374.2080431
"Truck",381,563.9616548
"Truck",381,372.9322762
"Truck",381,570.9815495
"Truck",381,566.5345276
"Truck",381,369.9306934
"Truck",381,545.7767355
"Truck",381,353.5823587
"Truck",381,560.5876212
"Truck",381,367.3482955
"Truck",381,535.2212691
"Truck",381,347.0574228
"Truck",266,255.0882384
"Truck",266,390.839085
"Truck",266,256.8443572
"Truck",266,386.4440785
"Truck",266,273.4205755
"Truck",266,430.2261923
"Truck",236,428.3006323
"Truck",236,309.4190335
"Truck",236,418.1035893
"Truck",236,298.0902581
"Truck",236,410.2459266
"Truck",236,296.144416
"Truck",236,435.5640136
"Truck",236,305.9304139
"Truck",159,247.9721758
"Truck",159,365.1587192
"Truck",159,393.1034376
"Truck",159,378.9298571
"Truck",159,240.9574472
"Truck",159,333.8859737
"Truck",236,309.4667811
"Truck",236,446.8040592
"Truck",236,341.7516556
"Truck",236,464.3173754
"Truck",236,324.8807891
"Truck",236,451.8744676
"Truck",159,283.0500631
"Truck",159,392.2540822
"Truck",159,448.3155279
"Truck",159,286.288428
"Truck",159,447.9154548
"Truck",159,380.9535338
"Truck",381,524.5673731
"Truck",381,350.0282956
"Truck",310,336.2534306
"Truck",310,482.800185
"Truck",310,335.6415779
"Truck",310,480.8360319
"Truck",381,560.4281712
"Truck",381,385.1262576
"Truck",381,384.8121182
"Truck",381,556.5503131
"Truck",381,404.3867603
"Truck",381,538.6599919
"Truck",381,376.3958523
"Truck",310,353.6164171
"Truck",310,511.0525462
"Truck",310,346.3087181
"Truck",310,510.8076097
"Truck",381,558.6622895
"Truck",381,548.7518885
"Truck",381,364.1309207
"Truck",381,546.0561102
"Truck",381,354.0586481
"Truck",381,522.8810617
"Truck",381,361.9833432
"Truck",381,532.6889327
"Truck",381,349.1894346
"Truck",381,512.903377
"Truck",381,541.0865118
"Truck",268,374.2102674
"Truck",268,244.0512138
"Truck",181,346.2512591
"Truck",181,222.5458783
"Truck",181,375.018269
"Truck",268,252.2302394
"Truck",268,384.3661546
"Truck",181,370.9030359
"Truck",181,220.9986816
"Truck",181,339.8341974
"Car",106,175.8659619
"Car",106,175.0186133
"Car",106,223.6061942
"Car",106,222.2331111
"Car",106,169.0826248
"Car",106,166.0793413
"Car",106,221.1217613
"Car",208,363
"Car",208,219
"Car",208,415
"Car",208,305.9465162
"Car",208,314.2450592
"Car",208,306
"Car",208,209
"Car",208,321
"Car",208,380
"Car",208,335
"Car",210,304
"Car",210,202
"Car",210,295
"Car",210,389
"Car",210,345
"Car",208,208
"Car",208,305
"Car",208,390
"Car",208,368
"Car",208,323
"Car",208,319
"Car",208,306
"Car",208,393
"Car",208,341
"Car",208,200
"Car",208,209
"Car",208,356
"Car",208,365
"Car",208,324
"Car",208,308
"Car",208,204
"Car",208,306
"Car",208,412
"Car",208,359
"Car",208,320
"Car",208,219
"Car",208,327
"Car",208,410
"Car",208,314
"Car",208,370
"Car",208,308
"Car",208,216
"Car",208,318
"Car",208,343
"Car",208,339
"Car",210,396
"Car",210,200
"Car",210,299
"Car",210,347
"Car",210,300
"Car",170,291
"Car",170,191
"Car",170,290
"Car",170,192
"Car",200,307
"Car",200,391
"Car",200,367
"Car",200,328
"Car",200,210
"Car",200,314
"Car",200,432
"Car",200,358
"Car",200,321
"Car",200,213
"Car",210,359
"Car",210,293
"Car",210,382
"Car",210,315
"Car",210,197
"Car",210,353
"Car",210,317
"Car",210,287
"Car",210,412
"Car",210,199
"Car",170,277
"Car",170,192
"Car",170,286
"Car",170,195
"Car",115,283
"Car",115,296
"Car",115,333
"Car",150,155
"Car",150,205
"Car",150,136.3984078
"Car",280,386
"Car",280,429
"Car",280,372
"Car",280,238
"Car",280,341
"Car",200,304
"Car",200,382
"Car",200,376
"Car",200,326
"Car",200,204
"Car",200,344
"Car",200,307
"Car",200,410
"Car",200,375
"Car",200,198
"Car",170,291
"Car",170,193
"Car",170,280
"Car",170,191
"SUV",200,348
"SUV",200,298
"SUV",200,428
"SUV",200,421
"SUV",200,206
"SUV",200,356
"SUV",200,261
"SUV",200,337
"SUV",200,238
"SUV",200,237
"SUV",200,335
"SUV",200,348
"SUV",200,258
"Truck",280,416
"Truck",280,281
"Truck",333,266.6770044
"Truck",333,354.2776278
"Car",170,336
"Car",170,354
"Car",170,280
"Car",170,289
"Car",170,188
"Car",170,352
"Car",170,334
"Car",170,300.0390675
"Car",170,191.2708901
"Car",170,309.3649189
"Car",220,355
"Car",220,306
"Car",220,350
"Car",220,305
"Car",220,200
"Car",220,344
"Car",220,295
"Car",220,342
"Car",220,294
"Car",220,198
"SUV",220,327
"SUV",220,210
"SUV",220,315
"SUV",220,200
"SUV",220,335
"SUV",220,216
"SUV",220,324
"SUV",220,205
"SUV",220,331
"SUV",220,226
"SUV",220,320
"SUV",220,214
"Car",333,430
"Car",333,445
"Car",333,361
"Car",333,443
"Car",333,348
"Car",333,391.6758626
"Car",333,225.1236713
"Car",333,359.3671679
"Car",435,342
"Car",435,441
"Car",435,353
"Car",435,467
"Car",435,408
"Car",435,384
"Car",435,226
"Car",435,330
"Car",435,432
"Car",435,466
"Car",435,329
"Car",435,224
"Car",435,384
"Car",435,398
"Car",500,446
"Car",500,531
"Car",500,629
"Car",500,515
"Car",500,310
"Car",200,448
"Car",200,394
"Car",200,357
"Car",200,230
"Car",200,343
"Car",200,222.82523
"Car",200,356.7220364
"Car",200,357.5963115
"Car",292,349
"Car",292,358
"Car",292,214
"Car",292,308
"Car",292,311
"Car",292,314
"Car",292,217
"Car",292,311
"Car",292,340
"Car",292,363
"Car",520,462
"Car",520,368
"Car",520,518
"Car",520,243
"Car",520,444
"SUV",354,415
"SUV",354,496
"SUV",354,460
"SUV",354,427
"SUV",354,269
"Car",572,542
"Car",572,435
"Car",572,567
"Car",572,651
"Car",572,276
"Car",610,346
"Car",610,445
"Car",610,524
"Car",610,541
"Car",610,596
"Car",150,261
"Car",150,261
"Car",150,261
"Car",150,163
"Car",150,163
"Car",150,163
"Car",150,263
"Car",150,263
"Car",150,263
"Car",150,178
"Car",150,178
"Car",150,178
"Car",150,254
"Car",150,254
"Car",150,254
"Car",150,176
"Car",150,176
"Car",150,176
"Car",170,174.5461889
"Car",170,273.7590824
"Car",170,270
"Car",170,179
"Car",170,272
"Car",170,169
"Car",170,279
"Car",170,175
"Car",150,253
"Car",150,253
"Car",150,253
"Car",150,155
"Car",150,155
"Car",150,155
"Car",150,157.7111778
"Car",150,157.7111778
"Car",150,157.7111778
"Car",150,254.8572328
"Car",150,254.8572328
"Car",150,254.8572328
"Car",150,253
"Car",150,253
"Car",150,253
"Car",150,164
"Car",150,164
"Car",150,164
"Car",150,245
"Car",150,245
"Car",150,245
"Car",150,166
"Car",150,166
"Car",150,166
"Car",150,245.8971809
"Car",150,245.8971809
"Car",150,245.8971809
"Car",150,158.6655749
"Car",150,158.6655749
"Car",150,158.6655749
"Car",150,256
"Car",150,256
"Car",150,256
"Car",150,180
"Car",150,180
"Car",150,180
"Car",150,253
"Car",150,253
"Car",150,253
"Car",150,176
"Car",150,176
"Car",150,176
"Car",150,248
"Car",150,248
"Car",150,248
"Car",150,170
"Car",150,170
"Car",150,170
"Car",211,290
"Car",211,339
"Car",211,340
"Car",211,288
"Car",211,195
"Car",211,272
"Car",211,327
"Car",211,333
"Car",211,294
"Car",211,191
"Car",150,262.9618206
"Car",150,262.9618206
"Car",150,262.9618206
"Car",150,169.9657585
"Car",150,169.9657585
"Car",150,169.9657585
"Car",115,302
"Car",115,179
"Car",115,187.8682592
"Car",115,310.4564248
"Car",170,269
"Car",170,168
"Car",170,272
"Car",170,168
"Car",170,274
"Car",170,169
"Car",170,270
"Car",170,168
"Car",170,284
"Car",170,176
"Car",170,286
"Car",170,178
"Car",170,283
"Car",170,176
"Car",170,283
"Car",170,174
"Car",150,251
"Car",150,251
"Car",150,251
"Car",150,164
"Car",150,164
"Car",150,164
"Car",240,166
"Car",240,265
"Car",240,290.1486048
"Car",240,176.2757206
"SUV",300,373
"SUV",300,233
"SUV",300,338
"SUV",300,434
"SUV",300,424
"Car",302,295
"Car",302,182
"Car",302,294
"Car",302,181
"SUV",250,406
"SUV",250,341
"SUV",250,424
"SUV",250,348
"SUV",250,227
"SUV",345,379
"SUV",345,348
"SUV",345,237
"SUV",345,451
"SUV",345,455
"SUV",240,380
"SUV",240,380
"SUV",240,473
"SUV",240,473
"SUV",240,454
"SUV",240,454
"SUV",240,390
"SUV",240,390
"SUV",240,251
"SUV",240,251
"SUV",230,401
"SUV",230,373
"SUV",230,467
"SUV",230,441
"SUV",230,257
"SUV",250,440
"SUV",250,441
"SUV",250,388.6254796
"SUV",250,248.0820334
"SUV",250,380.1797662
"Car",240,290
"Car",240,204
"SUV",300,405
"SUV",300,270
"SUV",300,398
"SUV",300,466
"SUV",300,472
"Car",302,321
"Car",302,208
"Car",302,320
"Car",302,209
"SUV",240,380
"SUV",240,380
"SUV",240,358
"SUV",240,358
"SUV",240,490
"SUV",240,490
"SUV",240,466
"SUV",240,466
"SUV",240,247
"SUV",240,247
"SUV",230,389
"SUV",230,253
"SUV",230,368
"SUV",230,465
"SUV",230,445
"SUV",300,371
"SUV",300,466
"SUV",300,468
"SUV",300,248
"SUV",300,385
